,FID,DWR_ID,Latitude,Longitude,OID_,IN_FID,NEAR_FID,NEAR_DIST,FROM_X,FROM_Y,NEAR_X,NEAR_Y,NEAR_ANGLE,OBJECTID,Shape_Leng,ID,gages,NHDWaterbo
0,1,LEFTHDCO,40.091372,-105.509174,1,1,1599003,0.00047928231369,-105.509174,40.091372,-105.50905564,40.0909075623,-75.7027248988,1599003,0.0623949398027,2889672, ,-9999
1,2,NSVABRCO,40.212202,-105.392808,2,2,1598986,0.000303463959155,-105.392808,40.212202,-105.392789409,40.211899106,-86.4877259589,1598986,0.0315517686373,2888688, ,-9999
2,3,SVLONGCO,40.169771,-105.146388,3,3,1598123,5.1489371616e-05,-105.146388,40.169771,-105.146386361,40.1698224633,88.1761138512,1598123,0.0695869502742,2888850, ,-9999
3,4,SSVWARCO,40.09082,-105.514442,4,4,1599003,6.4928026984e-05,-105.514442,40.09082,-105.514427502,40.0907567114,-77.0970973864,1599003,0.0623949398027,2889672, ,-9999
4,7,CHIDEVCO,39.716377,-105.571388,7,7,1348749,0.000169867648857,-105.571388,39.716377,-105.571522958,39.7162738431,-142.607056798,1348749,0.0516948151843,2885240, ,-9999
5,8,FALIDACO,39.755264,-105.556389,8,8,1348744,0.000433052099678,-105.556389,39.755264,-105.556800853,39.7553978341,161.998103376,1348744,0.0163202802324,2885162, ,-9999
6,10,BORDITCO,39.410543,-105.968071,10,10,1347784,0.00708434910285,-105.968071,39.410543,-105.96961873,39.4174562145,102.619283985,1347784,0.0443764088757,1315013, ,-9999
7,12,FRNCRKCO,39.416648,-105.892239,12,12,1346996,0.000339816509642,-105.892239,39.416648,-105.891974624,39.4168614957,38.9224165944,1346996,0.0712462912731,5239352, ,-9999
8,13,JEFBELCO,39.342199,-105.773346,13,13,1346923,0.000203314665692,-105.773346,39.342199,-105.773174922,39.34230886,32.7070917315,1346923,0.0186086400767,5239454, ,-9999
9,14,SCHFLMCO,39.37332,-105.866681,14,14,1346932,0.0160566802943,-105.866681,39.37332,-105.852153079,39.380157872,25.2050087279,1346932,0.0538557316941,5240404, ,-9999
10,28,LKCTURCO,39.281286,-106.4424,28,28,1344991,8.6842452018e-05,-106.4424,39.281286,-106.442440873,39.2812093775,-118.07691895,1344991,0.0133254291191,916793, ,-9999
11,31,CUCRESCO,37.748345,-104.611097,31,31,1235361,0.00914872270327,-104.611097,37.748345,-104.608189415,37.739670608,-71.4692710069,1235361,0.0165308138061,1426174, ,1425110
12,34,PRWDITCO,37.666944,-107.321443,34,34,965764,0.0022589190357,-107.321443,37.666944,-107.322532958,37.6649654383,-118.849668586,965764,0.0454492265057,17032639, ,-9999
13,35,TABDITCO,37.872776,-107.158662,35,35,1241467,0.00883646572394,-107.158662,37.872776,-107.167143611,37.870297008,-163.707496854,1241467,0.02446397228,17905799, ,-9999
14,36,WEMDITCO,37.679166,-107.321721,36,36,965503,0.0061166552872,-107.321721,37.679166,-107.322558305,37.6852250752,97.8678867597,965503,0.0468707267815,17906115, ,-9999
15,37,WCSDITCO,37.600001,-107.217828,37,37,966256,0.0011803467011,-107.217828,37.600001,-107.216946877,37.599215608,-41.7123241677,966256,0.00142569542344,17029300, ,-9999
16,38,DLFDT2CO,37.572504,-106.999211,38,38,966197,0.00367431241892,-106.999211,37.572504,-107.001852211,37.569949675,-135.958079609,966197,0.0730112500197,17029330, ,-9999
17,39,BEVRESCO,37.596116,-106.666439,39,39,966559,0.000176294940753,-106.666439,37.596116,-106.666611558,37.5960798918,-168.181221765,966559,0.0172465653318,17908217, ,-9999
18,40,ALARANCO,37.388905,-106.37729,40,40,967659,0.000160307790618,-106.37729,37.388905,-106.377136428,37.3889509814,16.6683994728,967659,0.0103813387161,17897747, ,-9999
19,41,ALAWIGCO,37.402504,-106.52198,41,41,967674,3.7482486916e-05,-106.52198,37.402504,-106.522017482,37.402504051,179.922066592,967674,0.0139577688881,17897687, ,-9999
20,42,WFKMOUCO,37.403896,-106.521706,42,42,967706,0.000126680555001,-106.521706,37.403896,-106.521661916,37.4040147628,69.6355507278,967706,0.0155932870199,17897663, ,-9999
21,43,WFKCROCO,37.429173,-106.584763,43,43,967713,4.844842013e-05,-106.584763,37.429173,-106.584775043,37.4292199277,104.393666629,967713,0.0169865314427,17897579, ,-9999
22,44,TARBELCO,37.992496,-106.79393,44,44,1240974,0.00448831299559,-106.79393,37.992496,-106.797829949,37.9947175648,150.332455518,1240974,0.0577992982573,9774289, ,-9999
23,54,LRASMICO,38.963417,-107.736885,54,54,1342637,6.1500323616e-05,-107.736885,38.963417,-107.736847096,38.9633685685,-51.95248224,1342637,0.0258195713976,1337916, ,-9999
24,63,BLURESCO,39.387482,-106.100577,63,63,1346650,0.00215302945481,-106.100577,39.387482,-106.100340215,39.3853420307,-83.6859807118,1346650,0.00568471497523,1314707, ,-9999
25,64,VIDTUNCO,39.624431,-105.790008,64,64,1347787,0.00756936647444,-105.790008,39.624431,-105.79755708,39.624984805,175.804263595,1347787,0.0739008959317,1314063, ,-9999
26,70,ROAFRYCO,39.36116,-107.02906,70,70,1344467,0.000610559001631,-107.02906,39.36116,-107.028546329,39.3614900371,32.7210266931,1344467,0.0448903464688,1326035, ,-9999
27,72,THOMUPCO,39.31109,-107.43812,72,72,1343489,0.00957617654077,-107.43812,39.31109,-107.44284921,39.302763072,-119.594051283,1343489,0.049118061957,3180710, ,-9999
28,73,CLFOFDCO,39.262199,-107.428938,73,73,1343487,0.00264472707036,-107.428938,39.262199,-107.427185877,39.264180072,48.5094343016,1343487,0.0514000887537,3180760, ,-9999
29,80,BIGUPPCO,39.131924,-107.918678,80,80,1340942,0.000202812963089,-107.918678,39.131924,-107.918831972,39.131791994,-139.392358467,1340942,0.0518921527462,3180916, ,-9999
30,81,COTPIPCO,39.125531,-107.967297,81,81,1341106,0.0103193364485,-107.967297,39.125531,-107.95754361,39.128901473,19.0635826966,1341106,0.0343246346113,3180914, ,-9999
31,82,OWECRECO,39.241645,-107.586732,82,82,1341931,0.00308368954538,-107.586732,39.241645,-107.58365201,39.241796006,2.80685458017,1341931,0.0882929329559,3181202, ,-9999
32,85,ILLRANCO,40.462482,-106.176971,85,85,1602004,0.00014958424963,-106.176971,40.462482,-106.177064823,40.4623654984,-128.845858027,1602004,0.0576490856168,16000046, ,-9999
33,86,MICWLDCO,40.741362,-106.272801,86,86,1603406,0.000660943769766,-106.272801,40.741362,-106.273001294,40.7407321359,-107.640462101,1603406,0.00206094434699,15996046, ,-9999
34,87,MICMERCO,40.61664,-106.083918,87,87,1601148,0.00147156825122,-106.083918,40.61664,-106.084692099,40.6178915125,121.738075852,1601148,0.0113187516188,15997310, ,-9999
35,88,MICTMPCO,40.740688,-106.281219,88,88,1603056,0.000346149121105,-106.281219,40.740688,-106.281272712,40.7410299565,98.9266276864,1603056,0.00906021903735,15996048, ,-9999
36,89,MORBSCCO,40.24552,-106.78669,89,89,1605453,0.000106491135407,-106.78669,40.24552,-106.786623942,40.2456035263,51.6605646621,1605453,0.0787374568495,1358260, ,-9999
37,90,BERBBLCO,40.044117,-107.071729,90,90,1606257,8.7817666643e-05,-107.071729,40.044117,-107.071733774,40.0442046878,93.1163398418,1606257,0.00817093577463,1356770, ,-9999
38,91,STELAKCO,40.79108,-106.9451,91,91,1606338,3.4653200589e-05,-106.9451,40.79108,-106.945073966,40.7911028712,41.2999658137,1606338,0.0029489593167,1353736, ,-9999
39,92,WLTNCKCO,40.408035,-106.786995,92,92,1605914,0.000336519743822,-106.786995,40.408035,-106.786749952,40.4078043555,-43.2656325817,1605914,0.0133002013149,1357372, ,-9999
40,93,WILBSLCO,40.791079,-106.94505,93,93,1606338,2.250024568e-06,-106.94505,40.791079,-106.94505169,40.791077515,-138.700034301,1606338,0.0029489593167,1353736, ,-9999
41,95,FARMERCO,37.139717,-107.753405,95,95,964956,0.00019032006329,-107.753405,37.139717,-107.753388554,37.1399066081,85.0426200864,964956,0.159452495031,17015255, ,-9999
42,96,HFC930CO,40.394335,-105.216528,96,96,1599562,0.0160645976041,-105.216528,40.394335,-105.212822214,40.378703671,-76.6628735639,1599562,0.0313132764488,12956, ,-9999
43,98,LONBLOCO,37.058445,-108.175139,98,98,964262,8.3688401905e-05,-108.175139,37.058445,-108.175134485,37.0583614335,-86.9076691492,964262,0.0379261506233,16998828, ,-9999
44,99,UNISRNCO,40.334115,-104.783653,99,99,1596978,0.00113256513652,-104.783653,40.334115,-104.784751721,40.3343898002,165.957873578,1596978,0.0372730323802,226581, ,-9999
45,104,CLAWASCO,40.423088,-104.677366,104,104,1597402,0.00013166641112,-104.677366,40.423088,-104.677390277,40.422958591,-100.624982664,1597402,0.0663221506702,2903261, ,-9999
46,105,GREWASCO,40.423088,-104.677366,105,105,1597402,0.00013166641112,-104.677366,40.423088,-104.677390277,40.422958591,-100.624982664,1597402,0.0663221506702,2903261, ,-9999
47,106,SVCLOPCO,40.153341,-105.075695,106,106,1598121,6.664611033e-06,-105.075695,40.153341,-105.07569725,40.1533347265,-109.727374504,1598121,0.0452147858364,2888860, ,-9999
48,107,SVCPLACO,40.258038,-104.8797,107,107,1598104,0.000370936548257,-104.8797,40.258038,-104.879911682,40.2583426056,124.796941016,1598104,0.0224938508385,2890908, ,-9999
49,108,PLACHACO,39.562484,-105.059711,108,108,1349332,0.000361062217779,-105.059711,39.562484,-105.059407879,39.5622878274,-32.909992022,1349332,0.020349729274,188319, ,-9999
50,109,BCRSHECO,39.65221,-105.033035,109,109,1348887,7.8979601636e-05,-105.033035,39.65221,-105.03300646,39.6522836426,68.8161619576,1348887,0.106054537073,188631, ,-9999
51,110,PLAANTCO,38.993326,-105.890017,110,110,1347073,0.000603222789941,-105.890017,38.993326,-105.889941879,38.992727473,-82.8462258263,1347073,0.02246988751,5241890, ,-9999
52,114,CHERESCO,39.207209,-105.272217,114,114,1348403,0.000610170829351,-105.272217,39.207209,-105.27229175,39.2078145748,97.0368041612,1348403,0.0106467505552,190747, ,-9999
53,115,CHERESCO,39.207209,-105.272217,115,115,1348403,0.000610170829351,-105.272217,39.207209,-105.27229175,39.2078145748,97.0368041612,1348403,0.0106467505552,190747, ,-9999
54,116,MCRAUGCO,38.737857,-104.70603,116,116,1235962,0.00131989035407,-104.70603,38.737857,-104.707091615,38.738641273,143.544692735,1235962,0.00364328367311,1531385, ,-9999
55,117,RFHCANCO,38.184444,-104.178025,117,117,1233688,0.00123035081244,-104.178025,38.184444,-104.178686068,38.1854816667,122.50005666,1233688,0.0390484541152,974472, ,-9999
56,118,GRECRKCO,37.921917,-104.57061,118,118,1235138,0.00551612209259,-104.57061,37.921917,-104.569357281,37.916545008,-76.8735216514,1235138,0.0696664897402,1425316, ,-9999
57,119,SHRDITCO,37.921917,-104.57061,119,119,1235138,0.00551612209259,-104.57061,37.921917,-104.569357281,37.916545008,-76.8735216514,1235138,0.0696664897402,1425316, ,-9999
58,121,FLSCANCO,38.113888,-103.778288,121,121,1233633,7.2978629371e-05,-103.778288,38.113888,-103.778290104,38.1138150517,-91.6518336706,1233633,0.152618206218,941020085, ,-9999
59,122,HOLCANCO,38.115277,-103.788007,122,122,1233821,0.000384995107052,-103.788007,38.115277,-103.788018177,38.1156618328,91.6636321902,1233821,0.0706639294352,976120, ,-9999
60,123,MERRESCO,38.148059,-103.747178,123,123,1233821,0.000232586184375,-103.747178,38.148059,-103.74736333,38.1481995322,142.827585359,1233821,0.0706639294352,976120, ,-9999
61,125,MEROUTCO,38.133889,-103.758842,125,125,1233821,0.00037681137731,-103.758842,38.133889,-103.758655676,38.1335614789,-60.3647769449,1233821,0.0706639294352,976120, ,-9999
62,126,SUGARCCO,38.26333,-103.75967,126,126,1233766,0.0286894487799,-103.75967,38.26333,-103.732434883,38.272348474,18.321464282,1233766,0.0126875926862,975330, ,-9999
63,127,HOEDITCO,37.25,-104.403336,127,127,971802,0.00139682163647,-104.403336,37.25,-104.403061919,37.248630332,-78.6841485412,971802,0.0410084699218,938098, ,-9999
64,132,RIORESCO,37.721935,-107.267565,132,132,965513,0.00113707116302,-107.267565,37.721935,-107.267146154,37.7208778817,-68.3858105655,965513,0.030216277253,17906283, ,-9999
65,133,PINDELCO,37.591671,-106.450035,133,133,967628,0.000194542999181,-106.450035,37.591671,-106.449870395,37.5917746931,32.2089557398,967628,0.012265224449,17896115, ,-9999
66,134,ALATERCO,37.374729,-106.334755,134,134,967657,3.545686895e-06,-106.334755,37.374729,-106.334752044,37.3747309585,33.5290019765,967657,0.0609854020964,17898807, ,-9999
67,135,LAJCAPCO,37.208897,-106.188362,135,135,968559,0.000128376351376,-106.188362,37.208897,-106.18827713,37.2088006796,-48.6161138959,968559,0.0702799498402,17898861, ,-9999
68,136,CONCONCO,37.103066,-106.012244,136,136,969130,0.0028933404497,-106.012244,37.103066,-106.011138279,37.100392276,-67.5324144859,969130,0.0350136344859,17875505, ,-9999
69,137,MANDITCO,37.109176,-106.009197,137,137,969116,0.00581995394501,-106.009197,37.109176,-106.006016013,37.104302276,-56.8682792145,969116,0.00614003505437,17875487, ,-9999
70,138,RIOTRICO,37.31612,-105.742798,138,138,968520,0.000350351940417,-105.742798,37.31612,-105.742450297,37.316163003,7.05038858711,968520,0.0439287291875,17900363, ,-9999
71,139,ROMDITCO,37.089447,-106.042251,139,139,969131,0.00329251543938,-106.042251,37.089447,-106.041392879,37.086268276,-74.8926841713,969131,0.0124007223657,17875509, ,-9999
72,140,TRITURCO,37.374733,-105.295013,140,140,970174,0.000259934330871,-105.295013,37.374733,-105.294903094,37.374968556,64.9872272588,970174,0.107462439427,17900353, ,-9999
73,141,UTEFTGCO,37.447224,-105.425835,141,141,970072,6.3468546789e-05,-105.425835,37.447224,-105.42577589,37.4472008871,-21.356122308,970072,0.0975564543351,17900333, ,-9999
74,142,NORLUXCO,38.788319,-107.739784,142,142,1242778,0.000110314325966,-107.739784,38.788319,-107.739694399,38.78825465,-35.6852930877,1242778,0.036385072439,1337986, ,-9999
75,143,RLCGRJCO,39.030537,-108.564814,143,143,1339493,0.00167350597246,-108.564814,39.030537,-108.563359346,39.0313644081,29.6312480301,1339493,0.0117146694453,3229991, ,-9999
76,144,RLCGRJCO,39.030537,-108.564814,144,144,1339493,0.00167350597246,-108.564814,39.030537,-108.563359346,39.0313644081,29.6312480301,1339493,0.0117146694453,3229991, ,-9999
77,145,TCBWTCCO,39.510364,-106.141748,145,145,1346510,0.000762259903172,-106.141748,39.510364,-106.141680052,39.5096047746,-84.8858764499,1346510,0.020970201471,1312989, ,-9999
78,147,DURPIPCO,37.343882,-107.720621,147,147,964964,0.00391256746206,-107.720621,37.343882,-107.719144436,37.3402587498,-67.8278878211,964964,0.0317002884308,17014779, ,-9999
79,148,FLOCANCO,37.31278,-107.772005,148,148,964962,5.3211164572e-05,-107.772005,37.31278,-107.772040022,37.3128200615,131.159763276,964962,0.0375737838127,17014821, ,-9999
80,149,DOVCANCO,37.47082,-108.5301,149,149,961692,0.00179074883429,-108.5301,37.47082,-108.528309559,37.4707867722,-1.06319761297,961692,0.00548075355793,18385375, ,-9999
81,150,MVIDIVCO,37.470823,-108.530096,150,150,961692,0.00178680518864,-108.530096,37.470823,-108.528309502,37.4707898454,-1.06319761284,961692,0.00548075355793,18385375, ,-9999
82,151,UCANALCO,37.512489,-108.597872,151,151,962502,0.00369194315393,-108.597872,37.512489,-108.601023208,37.5144126256,148.598406657,962502,0.013706672369,3261243, ,-9999
83,152,PINDITCO,37.291935,-108.035911,152,152,964270,0.00487292103464,-108.035911,37.291935,-108.040341809,37.289906875,-155.404893645,964270,0.0561779626948,16998670, ,-9999
84,153,LITOSOCO,37.075556,-106.811148,153,153,966849,0.0016317064932,-106.811148,37.075556,-106.811836654,37.077035264,114.963778498,966849,0.0462863576351,17037067, ,-9999
85,154,LOSODVCO,37.077223,-106.811154,154,154,966849,0.000205163361655,-106.811154,37.077223,-106.811274502,37.077389046,125.968947222,966849,0.0462863576351,17037067, ,-9999
86,155,PLAKERCO,40.411926,-104.562737,155,155,1597349,0.000236572254741,-104.562737,40.411926,-104.562925663,40.411783267,-142.890668154,1597349,0.0627429173571,226565, ,-9999
87,156,BURCANCO,39.792206,-104.966922,156,156,1349479,0.000463013035854,-104.966922,39.792206,-104.96730315,39.7924688794,145.405966255,1349479,0.0493200758951,229757, ,-9999
88,158,FULDITCO,39.878035,-104.901647,158,158,1597985,0.00187513644406,-104.901647,39.878035,-104.903156681,39.879147205,143.62035952,1597985,0.0117612095639,229561, ,-9999
89,159,PLAHENCO,39.921928,-104.868866,159,159,1597984,2.3993907354e-05,-104.868866,39.921928,-104.868877128,39.9219492572,117.632325291,1597984,0.0622145719013,229493, ,-9999
90,160,BIGDAFCO,40.069149,-104.831642,160,160,1596968,0.000307023873583,-104.831642,40.069149,-104.831769442,40.0688696754,-114.524824495,1596968,0.0107586966279,225687,       06720990,-9999
91,161,EVANS2CO,40.128313,-104.815249,161,161,1596984,0.000480058932025,-104.815249,40.128313,-104.815596316,40.1279815965,-136.343039365,1596984,0.0112064030278,225573, ,-9999
92,162,WESDITCO,40.234428,-104.874972,162,162,1598075,0.0108793740646,-104.874972,40.234428,-104.864092626,40.2344269726,-0.00541084918198,1598075,0.0613164871297,226531, ,-9999
93,163,CLAGRECO,40.417759,-104.639961,163,163,1597402,0.00030567052346,-104.639961,40.417759,-104.639858215,40.418046871,70.3507781399,1597402,0.0663221506702,2903261, ,-9999
94,164,BTABESCO,40.378317,-105.513887,164,164,1599428,0.000115874637302,-105.513887,40.378317,-105.513914717,40.3784295109,103.839139467,1599428,0.00607648840402,12936, ,-9999
95,165,BIGHILCO,40.38526,-105.01526,165,165,1598256,0.000138038404732,-105.01526,40.38526,-105.015136757,40.3851978256,-26.7702534928,1598256,0.00980194317771,940190144, ,-9999
96,166,HFCBBSCO,40.422205,-105.226382,166,166,1599400,0.000148124934837,-105.226382,40.422205,-105.226381912,40.4220568751,-89.9659338031,1599400,0.00158497630859,12674, ,-9999
97,167,HFCWASCO,40.419702,-105.225548,167,167,1599400,0.00192267174615,-105.225548,40.419702,-105.22503368,40.421554604,74.4842795544,1599400,0.00158497630859,12674, ,-9999
98,168,GRELOVCO,40.398312,-105.106647,168,168,1598362,0.000372203865536,-105.106647,40.398312,-105.106684032,40.397941643,-95.7100574953,1598362,0.00610018314831,12824, ,-9999
99,169,BTNFDRCO,40.433317,-105.338879,169,169,1599405,0.000382046411791,-105.338879,40.433317,-105.33907288,40.432987804,-120.495960188,1599405,0.0091984226913,12650, ,-9999
100,170,BTPPMCCO,40.420532,-105.219987,170,170,1599401,0.00157567963136,-105.219987,40.420532,-105.220864027,40.4218410415,123.82116121,1599401,0.0114003814796,12676, ,-9999
101,171,SVSLYOCO,40.2172,-105.259161,171,171,1598982,0.000802258649652,-105.259161,40.2172,-105.259697814,40.216603804,-131.99982541,1598982,0.00488005386081,2888654, ,-9999
102,172,BOSDELCO,39.931096,-105.295838,172,172,1599062,0.000486242123461,-105.295838,39.931096,-105.296055942,39.9306613361,-116.629349863,1599062,0.0212534646475,2891588, ,-9999
103,173,MOFTUNCO,39.901653,-105.645561,173,173,1600183,0.000346352442169,-105.645561,39.901653,-105.645378171,39.9013588341,-58.1383683945,1600183,0.0351469011511,2891348, ,-9999
104,174,CLEGLKCO,39.718876,-105.694448,174,174,1347598,3.2635236531e-05,-105.694448,39.718876,-105.694415523,39.7188727902,-5.64446804249,1347598,0.0106415735427,2885242, ,-9999
105,177,OHGJEFCO,39.391375,-105.826121,177,177,1347023,0.000452635990607,-105.826121,39.391375,-105.826444544,39.391058458,-135.626714349,1347023,0.110132774974,5239372, ,-9999
106,178,PLAHARCO,38.967492,-105.58139,178,178,1347932,0.000173294086078,-105.58139,38.967492,-105.581318961,38.9676500644,65.7994851616,1347932,0.0448605165374,5241238, ,-9999
107,181,PLAGRACO,39.457763,-105.660011,181,181,1347475,0.000432439776554,-105.660011,39.457763,-105.659893448,39.4581791558,74.2265318237,1347475,0.0271919053639,190273, ,-9999
108,182,ROBTUNCO,39.61693,-106.046407,182,182,1347874,0.00313229763608,-106.046407,39.61693,-106.046548392,39.6138008952,-92.5872157346,1347874,0.0486882324524,1313395, ,1312051
109,183,MONBMNCO,39.0875,-104.879167,183,183,1349593,8.4641431701e-05,-104.879167,39.0875,-104.879087764,39.0875297616,20.5863903112,1349593,0.0561656248908,1528177, ,-9999
110,185,UPBVCRCO,39.05919,-104.952481,185,185,1349665,0.00165688339173,-104.952481,39.05919,-104.953500834,39.0604958335,127.989239258,1349665,0.0675431080553,1528171, ,-9999
111,188,BUSTUNCO,39.248321,-106.470583,188,188,1344994,0.000564520642415,-106.470583,39.248321,-106.470180012,39.247925672,-44.4502525199,1344994,0.0500806995769,916805, ,-9999
112,189,HOMTUNCO,39.280555,-106.440555,189,189,1344991,0.000179085443065,-106.440555,39.280555,-106.440579953,39.2803776614,-98.0092579607,1344991,0.0133254291191,916793, ,-9999
113,190,LAKATLCO,39.063048,-106.407804,190,190,1344890,7.0618416785e-05,-106.407804,39.063048,-106.40775727,39.0631009463,48.568855891,1344890,0.051730456377,916859, ,-9999
114,191,LAKBTLCO,39.076103,-106.310306,191,191,1346050,0.00248037576417,-106.310306,39.076103,-106.308779836,39.0780582716,52.0266029974,1346050,0.0388008982796,916851, ,-9999
115,192,LFCBSLCO,39.2536,-106.371137,192,192,1345035,0.00125157471225,-106.371137,39.2536,-106.371446783,39.254812631,104.330466755,1345035,0.00418149984375,916979, ,-9999
116,194,OXFDITCO,38.175554,-104.142184,194,194,1233823,0.00156836675836,-104.142184,38.175554,-104.142412215,38.177105674,98.3668853815,1233823,0.0658149024965,974922, ,-9999
117,195,CUCBCRCO,37.750841,-104.611096,195,195,1235361,0.0110567210032,-104.611096,37.750841,-104.601700224,37.7450125808,-31.8122930193,1235361,0.0165308138061,1426174, ,1425110
118,196,GOMDITCO,37.617042,-104.79094,196,196,970522,0.00029177471235,-104.79094,37.617042,-104.790980639,37.6173309308,98.0062197815,970522,0.0383608645222,1425770, ,-9999
119,197,LVRET2CO,37.66117,-104.695011,197,197,970516,0.000381696720213,-104.695011,37.66117,-104.695270838,37.661449601,132.901813766,970516,0.0497191563922,1425710, ,-9999
120,198,LVMPCRCO,37.466544,-105.024561,198,198,969705,0.000244230147644,-105.024561,37.466544,-105.024739953,37.466377795,-137.115218415,969705,0.0474269406072,1426430, ,-9999
121,199,ARKCATCO,38.125839,-103.911903,199,199,1233413,0.000339624437638,-103.911903,38.125839,-103.911658961,38.1256028018,-44.0645792116,1233413,0.0544096329434,976164, ,-9999
122,200,JOHDITCO,37.235279,-104.438614,200,200,970768,0.00707090463172,-104.438614,37.235279,-104.436907744,37.2284170482,-76.0363293165,970768,0.0369447136554,937082, ,-9999
123,201,MODCANCO,37.217499,-104.463058,201,201,970766,0.0016137702364,-104.463058,37.217499,-104.462794582,37.215906874,-80.6054822855,970766,0.0111900767534,937092, ,-9999
124,202,RACRSTCO,37.13058,-104.521372,202,202,970896,0.00299280283968,-104.521372,37.13058,-104.523061682,37.128109809,-124.373255463,970896,0.0555884513529,937430, ,-9999
125,206,EXLCANCO,37.571109,-106.029472,206,206,968524,0.00168541947087,-106.029472,37.571109,-106.029917112,37.5694834189,-105.313230752,968524,0.0546679898174,17894965, ,-9999
126,207,RIOALACO,37.481392,-105.88002,207,207,968528,0.000276267237413,-105.88002,37.481392,-105.879847815,37.481608046,51.4457236716,968528,0.0738912274418,17900327, ,-9999
127,208,GOOHUMCO,37.676388,-106.859333,208,208,966529,9.2425754489e-05,-106.859333,37.676388,-106.859331409,37.6762955879,-89.0137808205,966529,0.00390552913325,17906889, ,-9999
128,209,RIOMARCO,37.793166,-106.981916,209,209,1241446,0.000101152955698,-106.981916,37.793166,-106.98182641,37.7932129635,27.6637794314,1241446,0.0329652523077,17906651, ,-9999
129,210,RIOBOXCO,37.774584,-107.141277,210,210,1241483,0.000286705395661,-107.141277,37.774584,-107.141148193,37.7743278578,-63.3034732124,1241483,0.0973523115203,17906259, ,-9999
130,211,TREDITCO,37.481119,-106.797264,211,211,966613,0.000328970397696,-106.797264,37.481119,-106.797191866,37.4814399645,77.3337157035,966613,0.0486508737644,17908895, ,-9999
131,212,CENCANCO,37.571664,-106.071423,212,212,968531,0.000811222181265,-106.071423,37.571664,-106.071422478,37.572475222,89.9631527772,968531,0.0634006770417,17894945, ,-9999
132,213,CENCANCO,37.571664,-106.071423,213,213,968531,0.000811222181265,-106.071423,37.571664,-106.071422478,37.572475222,89.9631527772,968531,0.0634006770417,17894945, ,-9999
133,214,FARCANCO,37.665835,-106.264478,214,214,967962,0.00467421036476,-106.264478,37.665835,-106.267038679,37.661924608,-123.218361733,967962,0.00993544585271,17894811, ,-9999
134,215,MONCANCO,37.615837,-106.222808,215,215,968764,0.00347700409585,-106.222808,37.615837,-106.220579079,37.618505608,50.1301078692,968764,0.0189670318393,17894881, ,-9999
135,216,PRADITCO,37.645554,-106.232261,216,216,968535,0.00116868672867,-106.232261,37.645554,-106.233005402,37.6446530595,-129.565232369,968535,0.00269599667476,17894843, ,-9999
136,217,PRADITCO,37.645554,-106.232261,217,217,968535,0.00116868672867,-106.232261,37.645554,-106.233005402,37.6446530595,-129.565232369,968535,0.00269599667476,17894843, ,-9999
137,218,SLVCANCO,37.576666,-106.051416,218,218,968641,5.790178365e-06,-106.051416,37.576666,-106.051413863,37.5766606187,-68.3398417555,968641,0.0783204126833,17894931, ,-9999
138,219,SOUCOLCO,37.574361,-106.753472,219,219,966540,2.338958445e-05,-106.753472,37.574361,-106.753465135,37.5743386405,-72.9324921974,966540,0.049978931905,17908201, ,-9999
139,220,ALACANCO,37.301521,-106.151415,220,220,968842,8.308256257e-05,-106.151415,37.301521,-106.151442399,37.3014425653,-109.255535385,968842,0.0158052076633,17897967, ,-9999
140,221,TERCANCO,37.332668,-106.214534,221,221,968843,1.4026977923e-05,-106.214534,37.332668,-106.214540584,37.332655614,-117.992170907,968843,0.0656677276715,17898811, ,-9999
141,222,NORDSCCO,37.298489,-105.854685,222,222,968951,0.023523336602,-105.854685,37.298489,-105.842426213,37.278412409,-58.5917183,968951,0.167872908874,17877391, ,-9999
142,223,CONMOGCO,37.053902,-106.187531,223,223,968956,9.7499126338e-05,-106.187531,37.053902,-106.187499747,37.0539943544,71.3039980621,968956,0.0251452696258,17876227, ,-9999
143,224,NORCONCO,37.102785,-106.015583,224,224,969130,0.0043028692494,-106.015583,37.102785,-106.013197879,37.099203676,-56.3368368153,969130,0.0350136344859,17875505, ,-9999
144,225,NORDLSCO,37.333335,-105.767237,225,225,968520,0.0162388936498,-105.767237,37.333335,-105.751055213,37.334695675,4.80651284242,968520,0.0439287291875,17900363, ,-9999
145,226,SANORTCO,36.993069,-106.038632,226,226,968986,0.00028824237394,-106.038632,36.993069,-106.038384278,36.9929216313,-30.7482394693,968986,0.0585126755434,17877869, ,-9999
146,227,SANMANCO,37.176956,-105.878075,227,227,968966,9.2033726851e-05,-105.878075,37.176956,-105.8781358,37.1768869094,-131.348078152,968966,0.12343050857,17876475, ,-9999
147,228,RIOLOBCO,37.078609,-105.756943,228,228,968509,0.000114171821421,-105.756943,37.078609,-105.756867407,37.0785234381,-48.5396160685,968509,0.0894944562461,17900441, ,-9999
148,229,CULSANCO,37.183887,-105.425835,229,229,970048,0.000402047959959,-105.425835,37.183887,-105.425474012,37.1837099965,-26.120127962,970048,0.0450853165411,17899355, ,-9999
149,230,COCRESCO,37.933334,-105.645569,230,230,1239294,9.9938211232e-05,-105.645569,37.933334,-105.645613839,37.9334233145,116.658380813,1239294,0.0701240957487,17890656, ,-9999
150,231,MEDSANCO,37.797778,-105.50279,231,231,1238388,0.000113205714402,-105.50279,37.797778,-105.502724857,37.7976854151,-54.8697948065,1238388,0.107052331542,17890674, ,-9999
151,232,SANDUNCO,37.829722,-105.59363,232,232,1239277,2.4134458976e-05,-105.59363,37.829722,-105.593638448,37.8296993925,-110.490283404,1239277,0.0574441196445,943010103, ,-9999
152,233,BIGSURCO,38.901644,-107.92118,233,233,1341563,1.4064050173e-05,-107.92118,38.901644,-107.921193869,38.9016463333,170.450291305,1341563,0.0610092133477,3233455,       09143500,-9999
153,236,MUDBPRCO,38.940543,-107.357275,236,236,1343691,0.00012899363227,-107.357275,38.940543,-107.357231038,38.940421729,-70.0737401796,1343691,0.00936523362738,1337204, ,-9999
154,239,EASTCNCO,38.590552,-107.97839,239,239,1243699,0.000116518228162,-107.97839,38.590552,-107.978427476,38.590441673,-108.761654859,1243699,0.0284180731986,9768086, ,-9999
155,240,GARNETCO,38.664202,-108.004791,240,240,1243697,0.000305597134604,-108.004791,38.664202,-108.004880076,38.663909673,-106.946689497,1243697,0.0270510189808,9767694, ,-9999
156,241,LOUTCNCO,38.437542,-107.861891,241,241,1242927,0.000260848218459,-107.861891,38.437542,-107.861850505,38.4372843142,-81.0691726132,1242927,0.050027514336,9769088, ,-9999
157,242,MANDCNCO,38.39259,-107.823747,242,242,1242938,0.000173677592481,-107.823747,38.39259,-107.823573371,38.392585887,-1.35699123191,1242938,0.0297219789775,9769182, ,-9999
158,243,SELGCNCO,38.504047,-107.911349,243,243,1242810,0.000338911644681,-107.911349,38.504047,-107.911686278,38.5040137674,-174.372718467,1242810,0.00435739169243,9768174, ,-9999
159,244,SOUCANCO,38.481372,-107.758672,244,244,1243095,0.00344312378619,-107.758672,38.481372,-107.758934877,38.484805074,94.3787022368,1243095,0.184465875249,9769770, ,-9999
160,245,SOUCANCO,38.481372,-107.758672,245,245,1243095,0.00344312378619,-107.758672,38.481372,-107.758934877,38.484805074,94.3787022368,1243095,0.184465875249,9769770, ,-9999
161,248,BKIRESCO,38.436638,-109.044197,248,248,1245662,0.000526520800965,-109.044197,38.436638,-109.044638806,38.4369244124,147.045586081,1245662,0.00155388077243,18382139, ,-9999
162,249,BKIOUTCO,38.436638,-109.044197,249,249,1245662,0.000526520800965,-109.044197,38.436638,-109.044638806,38.4369244124,147.045586081,1245662,0.00155388077243,18382139, ,-9999
163,250,BLUNINCO,39.541649,-106.045019,250,250,1346409,0.00312116171905,-106.045019,39.541649,-106.044384213,39.538593072,-78.2652216202,1346409,0.0340457366831,1312971, ,-9999
164,275,YAMRESCO,40.049978,-107.042273,275,275,1606635,0.00293232564216,-107.042273,40.049978,-107.041928565,40.0528900264,83.2543786919,1606635,0.054425540827,1356526, ,-9999
165,276,YAMABVCO,40.340899,-106.807997,276,276,1605437,0.00023701900499,-106.807997,40.340899,-106.808233913,40.3409060883,178.286257714,1605437,0.010485005195,1357542, ,-9999
166,278,ANIHOWCO,37.833054,-107.599503,278,278,1243221,3.6741513676e-05,-107.599503,37.833054,-107.599476084,37.8330289908,-42.896758315,1243221,0.0331409158191,17014163, ,-9999
167,280,TOWCANCO,37.568115,-108.721199,280,280,961287,0.00796158273015,-108.721199,37.568115,-108.727908008,37.563828275,-147.423430145,961287,0.0731556050163,3261479, ,-9999
168,281,PIODITCO,36.999436,-108.186471,281,281,962814,0.00228308314164,-108.186471,36.999436,-108.188736676,36.999154609,-172.920267943,962814,0.0213491508102,17000640, ,-9999
169,282,HABREDCO,37.165558,-108.143059,282,282,964283,0.00029440049554,-108.143059,37.165558,-108.142830463,37.1653724134,-39.0787716194,964283,0.0177364107626,16998730, ,-9999
170,283,LAPHESCO,37.289722,-108.040627,283,283,964270,0.000297815796761,-108.040627,37.289722,-108.040329964,37.2897435406,4.14774633408,964270,0.0561779626948,16998670, ,-9999
171,284,LAPMEXCO,36.999722,-108.18869,284,284,962814,0.000236300413325,-108.18869,36.999722,-108.188924425,36.9996922909,-172.777322846,962814,0.0213491508102,17000640, ,-9999
172,285,REDRESCO,37.165558,-108.143059,285,285,964283,0.00029440049554,-108.143059,37.165558,-108.142830463,37.1653724134,-39.0787716194,964283,0.0177364107626,16998730, ,-9999
173,288,CHERTNCO,39.759702,-105.003316,288,288,1349480,0.000360472617569,-105.003316,39.759702,-105.003479864,39.7600230751,117.037900533,1349480,0.0103013059433,228593, ,-9999
174,289,DWRDECCO,39.759702,-105.003316,289,289,1349480,0.000360472617569,-105.003316,39.759702,-105.003479864,39.7600230751,117.037900533,1349480,0.0103013059433,228593, ,-9999
175,290,GDRDITCO,39.759702,-105.003316,290,290,1349480,0.000360472617569,-105.003316,39.759702,-105.003479864,39.7600230751,117.037900533,1349480,0.0103013059433,228593, ,-9999
176,291,SPPUMPCO,39.759702,-105.003316,291,291,1349480,0.000360472617569,-105.003316,39.759702,-105.003479864,39.7600230751,117.037900533,1349480,0.0103013059433,228593, ,-9999
177,293,CLANSECO,40.70277,-105.2336,293,293,1599593,0.000458865611882,-105.2336,40.70277,-105.2339224,40.7024434788,-134.636106371,1599593,0.0149651841975,2900669, ,-9999
178,294,LTCANYCO,40.258038,-105.206386,294,294,1599432,0.000483539747544,-105.206386,40.258038,-105.206588266,40.2575987972,-114.727503118,1599432,0.0295532419158,13618, ,-9999
179,295,BOULARCO,40.263595,-105.179989,295,295,1598359,4.7514183188e-05,-105.179989,40.263595,-105.179946861,40.263573047,-27.5182677475,1598359,0.00898179210978,13398, ,-9999
180,296,BUCRMVCO,40.434444,-105.184441,296,296,1598274,5.480719305e-05,-105.184441,40.434444,-105.184484084,40.4344101244,-141.823421215,1598274,0.0341009741588,13528, ,-9999
181,297,HFC930CO,40.394335,-105.216528,297,297,1599562,0.0160645976041,-105.216528,40.394335,-105.212822214,40.378703671,-76.6628735639,1599562,0.0313132764488,12956, ,-9999
182,298,DILTUNCO,40.419425,-105.246376,298,298,1599402,0.00285815087334,-105.246376,40.419425,-105.24368188,40.418470671,-19.505500262,1599402,0.0356661253152,13544, ,-9999
183,299,HFCFLTCO,40.37579,-105.230527,299,299,1599562,0.000325546788025,-105.230527,40.37579,-105.230579197,40.375468665,-99.2264546217,1599562,0.0313132764488,12956, ,-9999
184,300,BIGLASCO,40.349983,-104.784966,300,300,1597399,4.3049861672e-05,-104.784966,40.349983,-104.784992973,40.3500165521,128.79633255,1597399,0.0343536619559,14962, ,-9999
185,301,BFCLYOCO,40.216093,-105.258323,301,301,1599176,0.000606535662472,-105.258323,40.216093,-105.257728414,40.216212804,11.3920764055,1599176,0.00468169001288,2888652, ,-9999
186,302,HIGHLDCO,40.214984,-105.256647,302,302,1599176,4.492610417e-05,-105.256647,40.214984,-105.25661391,40.2150143875,42.5620173654,1599176,0.00468169001288,2888652, ,-9999
187,303,STCTUNCO,39.679427,-105.904178,303,303,1347560,0.000890950644233,-105.904178,39.679427,-105.903735618,39.6786536364,-60.2294457777,1347560,0.0490766176501,2885304, ,-9999
188,304,FISCOPCO,39.759702,-105.003316,304,304,1349480,0.000360472617569,-105.003316,39.759702,-105.003479864,39.7600230751,117.037900533,1349480,0.0103013059433,228593, ,-9999
189,306,HOMSPICO,38.94388,-105.8514,306,306,1347265,0.0029649171229,-105.8514,38.94388,-105.852414664,38.9466658912,110.012398484,1347265,0.0737847485043,5241308, ,-9999
190,307,HOMSPICO,38.94388,-105.8514,307,307,1347265,0.0029649171229,-105.8514,38.94388,-105.852414664,38.9466658912,110.012398484,1347265,0.0737847485043,5241308, ,-9999
191,308,FOUHIGCO,39.083604,-105.89529,308,308,1347065,2.3174858704e-05,-105.89529,39.083604,-105.89527698,39.0836231714,55.8172511302,1347065,0.127926403451,5239964, ,-9999
192,309,MFKPRICO,39.109434,-105.890019,309,309,1347424,0.000313201495248,-105.890019,39.109434,-105.890019049,39.1097472015,90.0090210376,1347424,0.0287717027632,5239828, ,-9999
193,310,MFKSTMCO,39.062207,-105.821127,310,310,1346975,0.000189312074301,-105.821127,39.062207,-105.821012673,39.0623578924,52.8499129495,1346975,0.0291161696579,5239950, ,-9999
194,311,SFKANTCO,39.070544,-105.975569,311,311,1347402,0.00160180607569,-105.975569,39.070544,-105.975437822,39.0721404257,85.3025600185,1347402,0.0378784912404,5239910, ,-9999
195,312,PLASPICO,38.997492,-105.681671,312,312,1346958,0.000519369211721,-105.681671,38.997492,-105.682082548,38.9971751842,-142.410410847,1346958,0.00830054455341,5241164, ,-9999
196,313,TARTARCO,39.223318,-105.607235,313,313,1347445,0.000561805616873,-105.607235,39.223318,-105.606938073,39.2237949274,58.0942828708,1347445,0.00690619863553,5240512, ,-9999
197,314,TARRESCO,39.223889,-105.605833,314,314,1347445,0.000273106704871,-105.605833,39.223889,-105.605854834,39.2236167675,-94.5855570483,1347445,0.00690619863553,5240512, ,-9999
198,324,TACODICO,38.58504,-104.65405,324,324,1236297,0.00355464904198,-104.65405,38.58504,-104.652357015,38.581914407,-61.5577026595,1236297,0.0223452639161,1530609, ,-9999
199,325,FOUMOUCO,38.256115,-104.590818,325,325,1234816,0.000179979934757,-104.590818,38.256115,-104.590966562,38.2560134026,-145.632930357,1234816,0.0173386180456,1532527, ,-9999
200,326,CHCRNACO,38.733608,-106.160019,326,326,1239456,0.000326513358398,-106.160019,38.733608,-106.159921255,38.7332964605,-72.5807934732,1239456,0.0120601131789,918591, ,-9999
201,327,CCACCRCO,39.018051,-106.277802,327,327,1346053,2.5351313031e-05,-106.277802,39.018051,-106.277807179,39.0180261834,-101.788391698,1346053,0.0302225715405,916871, ,-9999
202,328,COCRBVCO,38.835528,-106.121389,328,328,1346061,0.00144715545675,-106.121389,38.835528,-106.121068047,38.8369391159,77.1862883938,1346061,0.0343553549607,917655, ,-9999
203,329,COLDITCO,39.374153,-106.227798,329,329,1346721,0.00477444624251,-106.227798,39.374153,-106.229753812,39.378508472,114.182325322,1346721,0.10813786175,1321062,       09061600,-9999
204,330,EWIDITCO,39.363598,-106.306412,330,330,1346872,0.0011233536421,-106.306412,39.363598,-106.306183017,39.3646977682,78.2384491049,1346872,0.0318123629555,1320978, ,-9999
205,331,WURDITCO,39.355267,-106.352806,331,331,1346164,0.000149825314036,-106.352806,39.355267,-106.352674815,39.3553393743,28.8852961723,1346164,0.0252290079792,916415, ,-9999
206,332,ROMOCOCO,38.727206,-104.955812,332,332,1236596,0.00353932169692,-104.955812,38.727206,-104.958760081,38.729164473,146.403065277,1236596,0.0116411839443,948905, ,-9999
207,333,SKGRESCO,38.688057,-105.051666,333,333,1237249,0.00025982117453,-105.051666,38.688057,-105.051492026,38.6878640232,-47.9644164078,1237249,0.00891447281067,948093, ,-9999
208,345,CBPALACO,37.475834,-105.766113,345,345,968503,0.0189072745954,-105.766113,37.475834,-105.78469888,37.472362675,-169.42063575,968503,0.111438929103,17899145, ,-9999
209,346,COSDITCO,37.552503,-105.945588,346,346,968856,0.000950710284455,-105.945588,37.552503,-105.945964013,37.551629808,-113.297626153,968856,0.0837667145513,17896441, ,-9999
210,347,RIOLINCO,37.569998,-106.038912,347,347,968531,3.4461087293e-05,-106.038912,37.569998,-106.038917443,37.5699639715,-99.0882988818,968531,0.0634006770417,17894945, ,-9999
211,349,GOOWAGCO,37.751945,-106.830048,349,349,1240462,0.000292778677592,-106.830048,37.751945,-106.829756458,37.7519181157,-5.26858578797,1240462,0.0107715542073,17908141, ,-9999
212,350,BEVBEVCO,37.598894,-106.667543,350,350,966558,8.4028781815e-05,-106.667543,37.598894,-106.667546215,37.5989779673,92.1926120368,966558,0.0367187226683,17907017, ,-9999
213,351,RIOCANCO,37.686946,-106.365319,351,351,967986,0.000439780073277,-106.365319,37.686946,-106.365436894,37.6873696833,105.549719904,967986,0.0260840392793,17888108, ,-9999
214,352,SAFUPPCO,37.578892,-106.370316,352,352,967642,0.000144433145706,-106.370316,37.578892,-106.370457935,37.5789187459,169.328485691,967642,0.0843290481698,17894957, ,-9999
215,353,ALABELCO,37.352783,-106.277534,353,353,967654,0.00014151385083,-106.277534,37.352783,-106.277642708,37.3526923981,-140.190765562,967654,0.0222707815909,17897883, ,-9999
216,354,TERRESCO,37.357227,-106.28504,354,354,967655,0.000387636324065,-106.28504,37.357227,-106.285371012,37.357025275,-148.641076714,967655,0.00422509176725,17897867, ,-9999
217,355,SOULASCO,37.293891,-105.747522,355,355,969123,0.000933981653113,-105.747522,37.293891,-105.747241806,37.2930000382,-72.5424092568,969123,0.0693778599156,17877389, ,-9999
218,356,SANRESCO,37.113609,-105.412498,356,356,970231,0.00137673202072,-105.412498,37.113609,-105.411580519,37.1125825399,-48.2087075784,970231,0.00898444124514,17900455, ,17899085
219,357,VENSANCO,37.114323,-105.409183,357,357,970050,7.0082487933e-05,-105.409183,37.114323,-105.409209842,37.1143877384,112.520001647,970050,0.0182032269997,17900419, ,-9999
220,358,NOCRESCO,38.013611,-105.692787,358,358,1239181,2.7320417209e-05,-105.692787,38.013611,-105.692767509,38.0135918556,-44.4859774301,1239181,0.063417854909,17887816, ,-9999
221,359,GARVILCO,38.174166,-105.808628,359,359,1239313,4.0749908496e-05,-105.808628,38.174166,-105.808613062,38.1741280867,-68.4954934549,1239313,0.0428416064203,17887250, ,-9999
222,360,KERVILCO,38.220276,-106.089745,360,360,1239963,2.8903452141e-05,-106.089745,38.220276,-106.08976032,38.2202514906,-122.00783913,1239963,0.0142282941604,17886768, ,-9999
223,361,MAJVILCO,38.157217,-105.809458,361,361,1239258,6.555608259e-05,-105.809458,38.157217,-105.809484926,38.1572767711,114.251027495,1239258,0.0987804109659,17887796, ,-9999
224,362,CARLAGCO,37.859722,-106.319473,362,362,1240311,3.4274570709e-05,-106.319473,37.859722,-106.31946035,37.8597538548,68.3413517397,1240311,0.0181866777451,17883038, ,-9999
225,363,LAGLAGCO,37.813335,-106.318642,363,363,1240103,6.0785849148e-05,-106.318642,37.813335,-106.31864041,37.813395765,88.5011016075,1240103,0.0453133674456,17883032, ,-9999
226,364,BIGSPGCO,37.7342,-105.664473,364,364,1239242,6.8789133176e-05,-105.664473,37.7342,-105.664481242,37.7342682936,96.8812435726,1239242,0.0643928519981,17890692, ,-9999
227,365,LITSPGCO,37.7136,-105.649168,365,365,968914,0.000129587184786,-105.649168,37.7136,-105.64911668,37.713481008,-66.6699707257,968914,0.0524750260069,17889894, ,-9999
228,366,SANFTGCO,37.425007,-105.415009,366,366,970159,5.72137636e-06,-105.415009,37.425007,-105.415009903,37.4250126496,99.0857883079,970159,0.0459561309537,17900337, ,-9999
229,367,TRIMTNCO,37.394733,-105.369179,367,367,970174,0.00010414308374,-105.369179,37.394733,-105.369183155,37.3946289398,-92.2865089625,970174,0.107462439427,17900353, ,-9999
230,368,TRISMICO,37.38612,-105.551125,368,368,968518,0.000180691136293,-105.551125,37.38612,-105.551205538,37.3862817495,116.469587933,968518,0.287272319026,17900367, ,-9999
231,372,RAZAVUCO,38.344936,-106.657803,372,372,1241159,7.258802769e-06,-106.657803,38.344936,-106.657809622,38.3449330276,-155.827397452,1241159,0.0129017529556,9773605, ,-9999
232,373,TOMMYDCO,38.344978,-106.657403,373,373,1241159,0.000389383660559,-106.657403,38.344978,-106.657758241,38.3448185525,-155.827397427,1241159,0.0129017529556,9773605, ,-9999
233,374,BIGMONCO,38.965002,-107.937268,374,374,1341648,0.00528336729618,-107.937268,38.965002,-107.942426276,38.966144873,167.507297513,1341648,0.0838858757586,3233445, ,-9999
234,375,OVRLNDCO,38.923283,-107.794516,375,375,1342720,0.000496444811723,-107.794516,38.923283,-107.794019555,38.9232824791,-0.060121468982,1342720,0.0094839308789,1337246, ,-9999
235,378,ABCLATCO,38.484986,-107.749789,378,378,1243095,0.00054290850083,-107.749789,38.484986,-107.749597068,38.4854938501,69.2968981126,1243095,0.184465875249,9769770, ,-9999
236,379,GUNREDCO,39.038311,-108.570656,379,379,1339492,9.2576757882e-05,-108.570656,39.038311,-108.570709932,39.0382357551,-125.631141489,1339492,0.0114708693088,3229987, ,-9999
237,381,TAYRESCO,38.818049,-106.604753,381,381,1345864,0.000678035936674,-106.604753,38.818049,-106.604906612,38.818709406,103.094297168,1345864,0.00549935642682,1333610, ,1332558
238,382,HILNCNCO,38.224989,-108.35481,382,382,1244986,0.00111381046834,-108.35481,38.224989,-108.355923317,38.22495586,-178.294987964,1244986,0.0872872698909,18375922, ,-9999
239,385,FRYTHOCO,39.344707,-106.673645,385,385,1345567,0.000135847000263,-106.673645,39.344707,-106.673716616,39.3445915633,-121.814959381,1345567,0.0244405977566,1326913, ,-9999
240,394,GHICANCO,39.183308,-108.283979,394,394,1339905,0.00123179366276,-108.283979,39.183308,-108.282898238,39.1827170103,-28.67102232,1339905,0.0167447069548,3179578, ,-9999
241,395,GRDVALCO,39.098589,-108.353417,395,395,1339893,0.000589764679424,-108.353417,39.098589,-108.353487426,39.0980034553,-96.8582562763,1339893,0.0504018942226,3179692,       09106150,-9999
242,398,WHIBUFCO,39.949978,-107.694786,398,398,1609691,9.3412288525e-05,-107.694786,39.949978,-107.694744142,39.9498944908,-63.3783881619,1609691,0.0108084357873,1344178, ,-9999
243,399,WMFKMHCO,40.43667,-107.6335,399,399,1608275,0.0115366700522,-107.6335,40.43667,-107.62206621,40.438207271,7.65748670984,1608275,0.0221347811646,1355238, ,-9999
244,400,PTCKSLCO,40.673611,-109.051392,400,400,1614034,7.9030385515e-05,-109.051392,40.673611,-109.051429045,40.6735411896,-117.952599345,1614034,0.00657968364918,10040146, ,-9999
245,404,FLOBLECO,37.380556,-107.662559,404,404,964966,0.000172945864245,-107.662559,37.380556,-107.662400658,37.3806255559,23.7147066675,964966,0.0352195173165,17014767, ,-9999
246,407,SPCDITCO,37.178334,-107.573056,407,407,965698,0.000176451719698,-107.573056,37.178334,-107.572891109,37.1782711813,-20.855395311,965698,0.0488614766835,17034383, ,-9999
247,409,REVDITCO,37.14083,-108.15972,409,409,964266,1.2692561528e-05,-108.15972,37.14083,-108.159712952,37.1408194442,-56.268818279,964266,0.0181258603668,16998746, ,-9999
248,410,JACUPPCO,37.43222,-108.2347,410,410,963439,0.000123339991637,-108.2347,37.43222,-108.234750441,37.4323325545,114.139207679,963439,0.024368362436,16962987, ,-9999
249,411,MANJACCO,37.43222,-108.2347,411,411,963439,0.000123339991637,-108.2347,37.43222,-108.234750441,37.4323325545,114.139207679,963439,0.024368362436,16962987, ,-9999
250,412,MORCANCO,40.349981,-104.008845,412,412,1596011,0.000739531237748,-104.008845,40.349981,-104.008502279,40.3506363234,62.3913282884,1596011,0.0187035844511,225329, ,-9999
251,415,PLAWELCO,40.321388,-103.92028,415,415,1595963,0.000437469477084,-103.92028,40.321388,-103.920514785,40.3210188719,-122.458518551,1595963,0.0242453715568,227923, ,-9999
252,416,RIVCANCO,40.338587,-104.313568,416,416,1596963,3.5241876767e-05,-104.313568,40.338587,-104.313568678,40.3385517647,-91.1031217815,1596963,0.0877588543546,226603, ,224311
253,417,CLAFTCCO,40.664425,-105.224426,417,417,1599590,0.000190290318725,-105.224426,40.664425,-105.224470146,40.6642399013,-103.414444854,1599590,0.0176134384014,2900705, ,-9999
254,418,GRNDRDCO,40.477207,-105.821953,418,418,1601492,0.00448855215673,-105.821953,40.477207,-105.82028388,40.48137367,68.1695296949,1601492,0.0393087654512,2902749, ,-9999
255,419,LAPLODCO,40.50702,-105.76863,419,419,1600711,0.000415693677935,-105.76863,40.50702,-105.76836369,40.5067008131,-50.1604636741,1600711,0.017663955774,2900761, ,-9999
256,420,LAWIRRCO,40.6122,-105.104429,420,420,1598390,0.00211430603605,-105.104429,40.6122,-105.106408481,40.61145707,-159.42810575,1598390,0.00486458042737,2899893, ,-9999
257,421,MICDCPCO,40.520538,-105.89279,421,421,1601457,0.00199379075304,-105.89279,40.520538,-105.892086279,40.52240347,69.3317576083,1601457,0.0205426588933,2900205, ,-9999
258,422,CANAL3CO,40.443308,-104.797476,422,422,1597404,0.000622734598976,-104.797476,40.443308,-104.797671307,40.4438993151,108.27800594,1597404,0.0399527851763,2903219, ,-9999
259,423,NSVBBRCO,40.215658,-105.363422,423,423,1599257,0.000219881851495,-105.363422,40.215658,-105.363223364,40.2155637039,-25.3945350754,1599257,0.0221920768538,2888638, ,-9999
260,424,BRKDAMCO,40.215772,-105.367197,424,424,1599274,0.00069446235051,-105.367197,40.215772,-105.367413985,40.2164316935,108.20694155,1599274,0.019630556468,2889724, ,-9999
261,425,BOCPINCO,39.930539,-105.425835,425,425,1599070,0.00078003586285,-105.425835,39.930539,-105.425997749,39.9313018688,102.042823588,1599070,0.0402361016803,2891286, ,-9999
262,426,COCREPCO,39.877766,-105.277214,426,426,1599156,0.000115274257258,-105.277214,39.877766,-105.277248124,39.8778761077,107.218992098,1599156,0.125598466195,2891608, ,-9999
263,427,BCRMORCO,39.653042,-105.195824,427,427,1348207,0.000239613641319,-105.195824,39.653042,-105.19578043,39.652806381,-79.5233090283,1348207,0.0656591720438,188173, ,-9999
264,428,FOUHARCO,39.023322,-105.81891,428,428,1347067,2.3966301801e-05,-105.81891,39.023322,-105.818902075,39.0232993818,-70.6910865755,1347067,0.0585562987345,5240134, ,-9999
265,429,JEFSNYCO,39.342205,-105.773346,429,429,1346923,0.000200072598852,-105.773346,39.342205,-105.77317765,39.3423131081,32.7070917323,1346923,0.0186086400767,5239454, ,-9999
266,430,JEFJEFCO,39.392486,-105.810572,430,430,1346927,2.6326182806e-05,-105.810572,39.392486,-105.810558167,39.3925083992,58.3023430322,1346927,0.0996594831174,5239370, ,-9999
267,431,MCHJEFCO,39.358877,-105.841401,431,431,1346929,0.000251336305362,-105.841401,39.358877,-105.841433312,39.3586277494,-97.386526852,1346929,0.09705955415,5239458, ,-9999
268,432,SPRBRNCO,39.16666,-105.946406,432,432,1346984,0.00149791179189,-105.946406,39.16666,-105.945070413,39.165981806,-26.9208777625,1346984,0.0433713664314,5239710, ,-9999
269,433,TROGARCO,39.132769,-105.897521,433,433,1346978,2.6633386369e-05,-105.897521,39.132769,-105.897508423,39.1327455235,-61.8200567413,1346978,0.062451276128,5239826, ,-9999
270,434,LAPTUNCO,40.676369,-105.852787,434,434,1601357,0.000367281487596,-105.852787,40.676369,-105.853117079,40.67653007,153.988823038,1601357,0.00323267893054,17497187, ,-9999
271,435,LARRIVCO,40.800533,-105.878342,435,435,1601249,0.000268385142185,-105.878342,40.800533,-105.87857712,40.8004035808,-151.169871692,1601249,0.00493024326457,17497447, ,-9999
272,436,SANCRKCO,40.993591,-105.757505,436,436,1713604,0.000263316045092,-105.757505,40.993591,-105.757628127,40.9938237555,117.878669014,1713604,0.031240741138,17497439,       06659580,-9999
273,437,WSDEARCO,40.908034,-105.779723,437,437,1713190,0.00298278575934,-105.779723,40.908034,-105.781221813,40.91061287,120.164718378,1713190,0.0305916899283,17496777, ,-9999
274,438,DRGDITCO,38.552113,-104.628441,438,438,1235834,0.00149254083259,-104.628441,38.552113,-104.627084311,38.5527351517,24.6352865096,1235834,0.00312096523641,1530687, ,-9999
275,439,ARKGRNCO,39.04277,-106.265854,439,439,1346096,0.000286794494093,-106.265854,39.04277,-106.265668816,39.0425510069,-49.7816194011,1346096,0.0176993104459,916707, ,-9999
276,440,WUREXTCO,39.39471,-106.353361,440,440,1346799,0.00307415824408,-106.353361,39.39471,-106.353943265,39.3916914876,-100.918130337,1346799,0.0411663278926,1320936, ,-9999
277,441,LARDITCO,38.393605,-106.248916,441,441,1240340,0.0049165326662,-106.248916,38.393605,-106.250945012,38.389126674,-114.37403285,1240340,0.034319336966,9773543, ,-9999
278,442,MINCANCO,38.413887,-105.159721,442,442,1238237,0.000636322959493,-105.159721,38.413887,-105.159540016,38.4144970423,73.4756836116,1238237,0.0332018524073,949955, ,-9999
279,443,COLCANCO,38.248611,-104.246363,443,443,1233430,0.0057029679263,-104.246363,38.248611,-104.240661815,38.248468407,-1.43273269156,1233430,0.00158064450441,974354, ,-9999
280,444,HUEBAMCO,38.001396,-104.472473,444,444,1235346,0.000379439441147,-104.472473,38.001396,-104.472418636,38.0010204753,-81.7626073554,1235346,0.0138400867935,1422808, ,-9999
281,445,CUCHUECO,38.001396,-104.472476,445,445,1235346,0.000379869265709,-104.472476,38.001396,-104.472421574,38.0010200499,-81.7626073554,1235346,0.0138400867935,1422808, ,-9999
282,446,SALTMOCO,38.25679,-104.56172,446,446,1234531,0.00328862032254,-104.56172,38.25679,-104.559537481,38.259250007,48.4205513313,1234531,0.0224565931822,952575, ,-9999
283,447,COMRETCO,38.193527,-104.57061,447,447,1234403,0.00196418385907,-104.57061,38.193527,-104.570329185,38.1915829935,-81.7803906501,1234403,0.0714967249394,951449, ,-9999
284,448,WCLOUTCO,37.595,-104.8525,448,448,970523,0.00995934829558,-104.8525,37.595,-104.850517281,37.585240008,-78.5167647981,970523,0.0118468574588,1425806, ,-9999
285,449,WCOBMRCO,37.60917,-104.80972,449,449,970520,0.00106495858932,-104.80972,37.60917,-104.809081281,37.608317841,-53.147333266,970520,0.0670471435497,1425804, ,-9999
286,450,WWSCURCO,37.5075,-104.99722,450,450,969603,0.012586646048,-104.99722,37.5075,-104.987848881,37.499097275,-41.8813677088,969603,0.00663417183235,1427524, ,-9999
287,451,LUARMOCO,37.304462,-104.015518,451,451,971773,0.000188825805921,-104.015518,37.304462,-104.015458905,37.3042826596,-71.7623550128,971773,0.0684676226981,936926, ,-9999
288,454,CONRESCO,37.88666,-107.206718,454,454,1241468,0.000131434478792,-107.206718,37.88666,-107.206849244,37.8866529255,-176.914562828,1241468,0.0491567373847,17906215, ,-9999
289,455,BERSOUCO,37.67984,-106.6082,455,455,967528,0.00015894293899,-106.6082,37.67984,-106.608089554,37.6799543007,45.9827149553,967528,0.0203559732625,17906899, ,-9999
290,456,RIODELCO,37.689449,-106.461151,456,456,967610,0.000841283564876,-106.461151,37.689449,-106.46098306,37.6886246492,-78.4850811616,967610,0.0452962856799,17906875, ,-9999
291,457,COCRMICO,38.131943,-105.78862,457,457,1239222,1.662232046e-05,-105.78862,38.131943,-105.788620014,38.1319263777,-90.0474477282,1239222,0.00185060392373,17887292, ,-9999
292,458,RITCRECO,38.077498,-105.762518,458,458,1239215,4.5102125724e-05,-105.762518,38.077498,-105.762523572,38.0775427566,97.0971908677,1239215,0.0729331671497,17887804, ,-9999
293,459,SOUCRECO,37.981945,-105.711963,459,459,1239193,0.000257013069327,-105.711963,37.981945,-105.711803274,37.9817436465,-51.5763482689,1239193,0.0745229392996,17889694, ,-9999
294,460,CHECRECO,38.100271,-105.768342,460,460,1239188,0.000146602081717,-105.768342,38.100271,-105.76827771,38.1001392465,-63.9896649504,1239188,0.0926219725724,17887802, ,-9999
295,461,COWCRKCO,38.24512,-107.75197,461,461,1242980,0.000251051423835,-107.75197,38.24512,-107.751789568,38.2452945597,44.0522813488,1242980,0.0384999238778,9769820, ,-9999
296,462,SNAKEYCO,39.604156,-105.954742,462,462,1347777,0.00200045755664,-105.954742,39.604156,-105.954943613,39.606146272,95.7842863768,1347777,0.0315718888853,1314289,       09047500,-9999
297,463,CHAGULCO,39.264154,-106.632255,463,463,1345635,5.8397787917e-05,-106.632255,39.264154,-106.632288662,39.2641062802,-125.199394087,1345635,0.0600298102653,1327415, ,-9999
298,464,CRYDOWCO,39.377335,-107.204651,464,464,1343154,4.9500830595e-05,-107.204651,39.377335,-107.204698573,39.3773213197,-163.956629193,1343154,0.016600413166,1326525, ,-9999
299,465,FRYMERCO,39.362484,-106.732536,465,465,1344544,5.5488086523e-05,-106.732536,39.362484,-106.732527005,39.3624292459,-80.6704603615,1344544,0.00746818470342,1327357, ,-9999
300,466,FRYIVLCO,39.245544,-106.531419,466,466,1345577,0.000127200259335,-106.531419,39.245544,-106.531292508,39.2455574003,6.0472009969,1345577,0.0210363403727,1327427, ,-9999
301,467,IVCRNACO,39.286932,-106.559198,467,467,1345610,7.8529027396e-05,-106.559198,39.286932,-106.559134415,39.2868859156,-35.9334916111,1345610,0.0832014843099,1327375, ,-9999
302,468,FRYNFNCO,39.342766,-106.665871,468,468,1345586,0.000430130202566,-106.665871,39.342766,-106.665779765,39.342345657,-77.7540019245,1345586,0.0157750055757,1327365, ,-9999
303,469,SNOCRECO,39.208314,-106.983934,469,469,1344482,0.00139700926828,-106.983934,39.208314,-106.983172595,39.2071427199,-56.9736188392,1344482,0.0110582679537,1327105, ,-9999
304,470,FRYSFUCO,39.241654,-106.593087,470,470,1345532,1.9749680628e-05,-106.593087,39.241654,-106.593067314,39.2416524102,-4.61730530712,1345532,0.179631943865,1327433, ,-9999
305,471,EASAPACO,37.36945,-106.892265,471,471,966909,0.000305013045569,-106.892265,37.36945,-106.892079846,37.3692076138,-52.6245622036,966909,0.00753299663215,17036989, ,-9999
306,472,FLOFARCO,37.295002,-107.791733,472,472,964962,0.000396282541379,-107.791733,37.295002,-107.791960445,37.2953265128,125.025910901,964962,0.0375737838127,17014821, ,-9999
307,473,PINBVACO,37.381668,-107.577847,473,473,965742,0.000197144772338,-107.577847,37.381668,-107.578035625,37.3817253285,163.09452013,965742,0.00853494254627,17034231, ,-9999
308,474,DOLTUNCO,37.466655,-108.542322,474,474,961520,0.0112833514631,-108.542322,37.466655,-108.541749488,37.4779238176,87.0915896845,961520,0.0346106299668,18385349, ,-9999
309,475,HAYDITCO,37.285,-108.040276,475,475,964272,0.000653990786294,-108.040276,37.285,-108.03973332,37.2853649689,33.9220327996,964272,0.0372779892507,16998696, ,-9999
310,476,FREDITCO,37.15111,-108.14917,476,476,964267,0.000335114622658,-108.14917,37.15111,-108.149489889,37.1512098633,162.662640025,964267,0.000862870040355,16998732, ,-9999
311,477,LPIRDICO,37.288891,-108.040558,477,477,964270,0.000153128509737,-108.040558,37.288891,-108.040662309,37.289003107,132.93639989,964270,0.0561779626948,16998670, ,-9999
312,478,LAPCHECO,37.115276,-108.200279,478,478,962823,0.000103915751686,-108.200279,37.115276,-108.200225676,37.115186809,-59.1263579626,962823,0.00303084537826,16998774, ,-9999
313,479,LAPBRECO,37.168335,-108.11972,479,479,964268,0.000189436020605,-108.11972,37.168335,-108.119725441,37.1681456421,-91.6458408288,964268,0.0667936052046,16998728, ,-9999
314,480,MANMANCO,37.353603,-108.261744,480,480,963434,7.9985049309e-05,-108.261744,37.353603,-108.261765926,37.353679921,105.91020525,963434,0.0211583753566,16963135, ,-9999
315,481,DOLBMCCO,37.574985,-108.575649,481,481,961514,0.000888273958328,-108.575649,37.574985,-108.575918064,37.575831543,107.632284763,961514,0.0193685661162,18384963, ,-9999
316,482,AZOTUNNM,36.853348,-106.672257,482,482,966766,0.00367138839466,-106.672257,36.853348,-106.673269812,36.849819076,-106.013641235,966766,0.0259004885704,17843452, ,-9999
317,483,CLARIVCO,40.501088,-104.968595,483,483,1598765,0.000625634074182,-104.968595,40.501088,-104.96799274,40.5009185876,-15.7109891165,1598765,0.00220336193169,2902013, ,-9999
318,485,GUARESCO,39.75878,-105.6948,485,485,1347581,0.000980126796107,-105.6948,39.75878,-105.69467274,39.7597518299,82.5396304511,1347581,0.0145636585094,2885138, ,-9999
319,486,GUAOUTCO,39.75863,-105.6961,486,486,1347581,0.00129764954774,-105.6961,39.75863,-105.695931513,39.7599166648,82.5396304512,1347581,0.0145636585094,2885138, ,-9999
320,487,GUAINFCO,39.758775,-105.694772,487,487,1347581,0.000981448939528,-105.694772,39.758775,-105.694644568,39.7597481409,82.5396304513,1347581,0.0145636585094,2885138, ,-9999
321,488,PLADENCO,39.759708,-105.003319,488,488,1349480,0.000353764642063,-105.003319,39.759708,-105.003479814,39.7600231003,117.037900532,1349480,0.0103013059433,228593, ,-9999
322,492,MFKABMCO,39.356654,-106.083636,492,492,1345901,0.000158032435637,-106.083636,39.356654,-106.083575263,39.3567998949,67.3978857956,1345901,0.0429583116651,5238864, ,-9999
323,493,MFKBLMCO,39.352206,-106.07058,493,493,1345899,6.5139685824e-05,-106.07058,39.352206,-106.070555046,39.3522661702,67.4746737515,1345899,0.00737321882018,5238866, ,-9999
324,494,RCKTARCO,39.291378,-105.697228,494,494,1346906,6.6874358769e-05,-105.697228,39.291378,-105.697292129,39.291396963,163.527108283,1346906,0.016657918612,5239510, ,-9999
325,495,TARBORCO,39.286932,-105.696395,495,495,1346905,0.000214334098511,-105.696395,39.286932,-105.696547652,39.2867815462,-135.415609769,1346905,0.0242334419518,5239528, ,-9999
326,496,TARCOMCO,39.339432,-105.911682,496,496,1346940,0.000249041319222,-105.911682,39.339432,-105.911768891,39.3391986087,-110.420216046,1346940,0.028112296356,5239426,       06696980,-9999
327,509,CLRRESCO,39.021944,-106.242779,509,509,1346052,5.880393434e-06,-106.242779,39.021944,-106.242778732,39.0219498743,87.3922472343,1346052,0.00490516351173,916869, ,-9999
328,512,BRERESCO,38.738599,-103.902177,512,512,1234135,0.00191787823608,-103.902177,38.738599,-103.900311416,38.739043807,13.4105259833,1234135,0.0232519162192,912635, ,-9999
329,513,BREOUTCO,38.738599,-103.902177,513,513,1234135,0.00191787823608,-103.902177,38.738599,-103.900311416,38.739043807,13.4105259833,1234135,0.0232519162192,912635, ,-9999
330,514,DOURESCO,38.714996,-103.887736,514,514,1234082,0.00230039016792,-103.887736,38.714996,-103.885435616,38.714990673,-0.132679617515,1234082,0.0125101280862,912645, ,-9999
331,515,DOUOUTCO,38.714996,-103.887736,515,515,1234082,0.00230039016792,-103.887736,38.714996,-103.885435616,38.714990673,-0.132679617515,1234082,0.0125101280862,912645, ,-9999
332,517,RFDMANCO,38.103891,-103.805235,517,517,1233672,0.00021390953529,-103.805235,38.103891,-103.805300253,38.1040947137,107.761262201,1233672,0.0145972436244,975618, ,-9999
333,518,RFDRETCO,38.10389,-103.8052,518,518,1233672,0.000225538673593,-103.8052,38.10389,-103.805268801,38.1041047886,107.761262203,1233672,0.0145972436244,975618, ,-9999
334,522,MUDAPRCO,38.95415,-107.347836,522,522,1343831,0.00559960296586,-107.347836,38.95415,-107.34297541,38.951369673,-29.7701739408,1343831,0.0216294174805,1338026, ,-9999
335,523,MUDAPRCO,38.95415,-107.347836,523,523,1343831,0.00559960296586,-107.347836,38.95415,-107.34297541,38.951369673,-29.7701739408,1343831,0.0216294174805,1338026, ,-9999
336,524,JUNLRGCO,38.960812,-108.237635,524,524,1340632,0.000727003229433,-108.237635,38.960812,-108.237826135,38.961513428,105.242651,1340632,0.0263033234323,3232403, ,-9999
337,525,KANJUNCO,38.960813,-108.237593,525,525,1340632,0.000737080521879,-108.237593,38.960813,-108.237786784,38.9615241508,105.242650999,1340632,0.0263033234323,3232403, ,-9999
338,530,HSPCOMCO,39.383319,-106.075572,530,530,1346648,0.000445182574128,-106.075572,39.383319,-106.075572178,39.3828738175,-90.0228588794,1346648,0.0396685660941,1314767, ,-9999
339,531,HSPCOMCO,39.383319,-106.075572,531,531,1346648,0.000445182574128,-106.075572,39.383319,-106.075572178,39.3828738175,-90.0228588794,1346648,0.0396685660941,1314767, ,-9999
340,532,HSPCOMCO,39.383319,-106.075572,532,532,1346648,0.000445182574128,-106.075572,39.383319,-106.075572178,39.3828738175,-90.0228588794,1346648,0.0396685660941,1314767, ,-9999
341,533,HSPCOMCO,39.383319,-106.075572,533,533,1346648,0.000445182574128,-106.075572,39.383319,-106.075572178,39.3828738175,-90.0228588794,1346648,0.0396685660941,1314767, ,-9999
342,537,HOMRESCO,39.366647,-106.458926,537,537,1345276,0.00335542353925,-106.458926,39.366647,-106.460707431,39.3694904788,122.067017641,1345276,0.00878040157215,1321058, ,-9999
343,538,HOMOUTCO,39.366647,-106.458926,538,538,1345276,0.00335542353925,-106.458926,39.366647,-106.460707431,39.3694904788,122.067017641,1345276,0.00878040157215,1321058, ,-9999
344,539,HOMOUTCO,39.366647,-106.458926,539,539,1345276,0.00335542353925,-106.458926,39.366647,-106.460707431,39.3694904788,122.067017641,1345276,0.00878040157215,1321058, ,-9999
345,548,BLADIVCO,37.203617,-106.810315,548,548,966868,0.000914871366573,-106.810315,37.203617,-106.811187811,37.203891209,162.558967107,966868,0.0643971287527,17037043, ,-9999
346,549,RIOBLACO,37.203617,-106.81115,549,549,966868,0.000276691500994,-106.81115,37.203617,-106.811195581,37.2038899112,99.4819363601,966868,0.0643971287527,17037043, ,-9999
347,556,NAVOSOCO,37.030289,-106.737816,556,556,966821,0.000174301957457,-106.737816,37.030289,-106.737819134,37.0304632738,91.0303845467,966821,0.0105055740978,17037089, ,-9999
348,557,OSODIVCO,37.030289,-106.737822,557,557,966821,0.000174194061661,-106.737822,37.030289,-106.737825132,37.0304631659,91.0303845467,966821,0.0105055740978,17037089, ,-9999
349,558,METSEWCO,39.812483,-104.954153,558,558,1349481,0.000383283443754,-104.954153,39.812483,-104.95417116,39.812865853,92.7157009746,1349481,0.0311444266429,229709,       06714215,-9999
350,559,METSEWCO,39.812483,-104.954153,559,559,1349481,0.000383283443754,-104.954153,39.812483,-104.95417116,39.812865853,92.7157009746,1349481,0.0311444266429,229709,       06714215,-9999
351,560,METSEWCO,39.812483,-104.954153,560,560,1349481,0.000383283443754,-104.954153,39.812483,-104.95417116,39.812865853,92.7157009746,1349481,0.0311444266429,229709,       06714215,-9999
352,564,ADATUNCO,40.327762,-105.578057,564,564,1600424,0.000146684541867,-105.578057,40.327762,-105.578080696,40.3279067579,99.2964879958,1600424,0.0576406610753,13606, ,-9999
353,566,BTBLESCO,40.376373,-105.485553,566,566,1599424,7.8486365036e-05,-105.485553,40.376373,-105.485562842,40.3762951331,-97.2035305552,1599424,0.078040683526,13560, ,-9999
354,567,MARYLACO,40.336092,-105.534164,567,567,1599512,0.00697730219638,-105.534164,40.336092,-105.530038613,40.341719071,53.7536565859,1599512,0.0314619980084,13138, ,-9999
355,568,OLYDAMCO,40.37637,-105.485559,568,568,1599424,7.4757677904e-05,-105.485559,40.37637,-105.485568374,40.3762958324,-97.2035305568,1599424,0.078040683526,13560, ,-9999
356,569,OLYTUNCO,40.374983,-105.487497,569,569,1599580,0.000279993120977,-105.487497,40.374983,-105.487700413,40.375175404,136.593177291,1599580,0.00608846025008,13654, ,-9999
357,570,WINBYPCO,40.328333,-105.5775,570,570,1600424,0.000133522335574,-105.5775,40.328333,-105.577413244,40.3282315031,-49.4773679069,1600424,0.0576406610753,13606, ,-9999
358,571,WINDESCO,40.326925,-105.581955,571,571,1600424,0.000344385484271,-105.581955,40.326925,-105.581762383,40.326639518,-55.9921260113,1600424,0.0576406610753,13606, ,-9999
359,576,RALCRKCO,39.819988,-105.259992,576,576,1348703,0.000153433452169,-105.259992,39.819988,-105.259991873,39.8201414334,89.9525470176,1348703,0.00646953566166,2884970, ,-9999
360,577,CHRRESCO,39.649432,-104.854699,577,577,1349491,0.00102984821705,-104.854699,39.649432,-104.85367687,39.6495578493,7.01919175338,1349491,0.00705445888118,230705, ,229217
361,580,CHARESCO,39.484152,-105.065261,580,580,1349020,0.00115454895536,-105.065261,39.484152,-105.06497147,39.4852696563,75.4767137815,1349020,0.0674310056273,191257, ,-9999
362,583,BCRRESCO,39.653315,-105.19555,583,583,1348207,0.000439772037532,-105.19555,39.653315,-105.195440043,39.6528891963,-75.5205623543,1348207,0.0656591720438,188173, ,-9999
363,586,BURDITCO,38.5344,-104.6258,586,586,1235928,0.00149148198622,-104.6258,38.5344,-104.625962987,38.5358825498,96.2737243571,1235928,0.00895546626138,1530729, ,-9999
364,590,CRUGULCO,38.73588,-104.7035,590,590,1235962,0.004530378228,-104.7035,38.73588,-104.707091615,38.738641273,142.446522348,1235962,0.00364328367311,1531385, ,-9999
365,591,FOMDITCO,38.81101,-104.8039,591,591,1349561,0.00105843159663,-104.8039,38.81101,-104.804157266,38.8099833103,-104.067404228,1349561,0.0132058344669,1531399, ,-9999
366,595,SPRAUGCO,38.80825,-104.7954,595,595,1349653,1.4534890566e-05,-104.7954,38.80825,-104.795411975,38.8082582382,145.47350384,1349653,0.00522100628228,1531435, ,-9999
367,597,WDVDITCO,38.50183,-104.608,597,597,1234614,0.00121087034962,-104.608,38.50183,-104.606807458,38.5020398843,9.9816873049,1234614,0.00342395591242,1530849, ,-9999
368,600,TURQLACO,39.25278,-106.37428,600,600,1344998,0.000201604675903,-106.37428,39.25278,-106.374078855,39.2527663991,-3.86829740362,1344998,0.0033427548866,916505, ,-9999
369,601,TWIRESCO,39.08028,-106.31389,601,601,1346304,0.000818635487931,-106.31389,39.08028,-106.313376319,39.0809174137,51.135261504,1346304,0.0191546436787,916919, ,916361
370,612,CILDITCO,37.184444,-104.488335,612,612,971079,2.2376644066e-05,-104.488335,37.184444,-104.488351684,37.1844589118,138.210090654,971079,0.0188000472381,938230, ,-9999
371,613,SOUDITCO,37.199444,-104.469719,613,613,970769,0.00183567573059,-104.469719,37.199444,-104.471156726,37.2005853373,141.555724314,970769,0.0188349911831,937160, ,-9999
372,614,PIKDITCO,37.173889,-104.504166,614,614,971075,0.00147150155684,-104.504166,37.173889,-104.504167529,37.1724174992,-90.0595364955,971075,0.0290414194603,938144, ,-9999
373,617,SANCRECO,38.034435,-105.718065,617,617,1239203,0.000219745673,-105.718065,38.034435,-105.717870664,38.0343324244,-27.8262884528,1239203,0.0351258893088,17887404, ,-9999
374,618,SPACRECO,37.952772,-105.662238,618,618,1239250,0.0183613125985,-105.662238,37.952772,-105.679655013,37.946959474,-161.544758113,1239250,0.0512511840576,17889730, ,-9999
375,619,WILCRECO,37.958059,-105.700282,619,619,1239297,1.6647475827e-05,-105.700282,37.958059,-105.70027467,37.9580440529,-63.8779041029,1239297,0.0714771960152,17889716, ,-9999
376,620,RAZBVGCO,38.355989,-106.566437,620,620,1241385,0.00836204263934,-106.566437,38.355989,-106.561474548,38.3492586338,-53.5978052996,1241385,0.0070597525905,9774089, ,-9999
377,621,VUGRESCO,38.355408,-106.664094,621,621,1241157,0.000218573122355,-106.664094,38.355408,-106.663927879,38.3555500497,40.5337378711,1241157,0.020420730808,9773579, ,-9999
378,623,BLMRESCO,38.453872,-107.334226,623,623,1242318,0.000291536409992,-107.334226,38.453872,-107.333938241,38.4538252198,-9.23364304448,1242318,0.000513521095673,3254159, ,3252975
379,628,ROABMCCO,39.199987,-106.817261,628,628,1344524,0.00267858663543,-106.817261,39.199987,-106.817730078,39.197349806,-100.085726353,1344524,0.0263006250622,1327445,       09074500,-9999
380,629,ERIRGRCO,39.636087,-107.735337,629,629,1342067,0.00280883587596,-107.735337,39.636087,-107.73340381,39.634049272,-46.5080147891,1342067,0.00279690834261,3175232, ,-9999
381,630,RIFRGRCO,39.625807,-107.760898,630,630,1342063,8.2351032037e-05,-107.760898,39.625807,-107.760889244,39.6257251158,-83.8965869889,1342063,0.0148513597106,3175298, ,-9999
382,631,RIFRESCO,39.626925,-107.757565,631,631,1342063,0.00260836893323,-107.757565,39.626925,-107.76001421,39.626027805,-159.881199034,1342063,0.0148513597106,3175298, ,-9999
383,632,WESRIFCO,38.999991,-107.0006,632,632,1344830,0.000293038614282,-107.0006,38.999991,-107.000866544,38.9998692386,-155.448358641,1344830,0.000772218486996,1334566, ,-9999
384,633,COLGBYCO,40.144154,-105.867233,633,633,1601572,4.3270121096e-05,-105.867233,40.144154,-105.86727297,40.1441374264,-157.478737974,1601572,0.0208024210099,1234505, ,-9999
385,636,WILWCRCO,40.145821,-105.940018,636,636,1601592,0.000214340025349,-105.940018,40.145821,-105.939955738,40.1456159023,-73.1131476748,1601592,0.00578642494448,1234173, ,-9999
386,643,YAMOUTCO,39.9998,-106.0006,643,643,1601706,0.00435057930815,-106.0006,39.9998,-105.996253479,39.999987871,2.47497239035,1601706,0.00779379037719,1239241, ,-9999
387,644,YAMBELCO,39.999985,-106.000572,644,644,1601706,0.00431852195438,-106.000572,39.999985,-105.996253479,39.999987871,0.0380908557228,1601706,0.00779379037719,1239241, ,-9999
388,645,PEARLACO,40.774973,-106.888106,645,645,1606361,0.00175943481989,-106.888106,40.774973,-106.889764651,40.7743860683,-160.513117316,1606361,0.0240462137172,1353776, ,-9999
389,646,VALRESCO,37.383336,-107.575613,646,646,966300,0.000448085700241,-107.575613,37.383336,-107.575404418,37.3837325782,62.2576717301,966300,0.0256345369967,17034971, ,17034145
390,648,JACRESCO,37.398734,-108.273486,648,648,963358,0.000883603633512,-108.273486,37.398734,-108.274038414,37.3994236334,128.695616511,963358,0.0167770635078,16963977, ,-9999
391,652,LARNO2CO,40.625815,-105.15054,652,652,1598395,0.000140202456332,-105.15054,40.625815,-105.150548677,40.6259549337,93.5480847105,1598395,0.0356146900774,2899849, ,-9999
392,653,NEWMERCO,40.625815,-105.15054,653,653,1598395,0.000140202456332,-105.15054,40.625815,-105.150548677,40.6259549337,93.5480847105,1598395,0.0356146900774,2899849, ,-9999
393,655,CARTERCO,40.326292,-105.211897,655,655,1599522,0.00187244104911,-105.211897,40.326292,-105.21152879,40.3244561195,-78.6590545352,1599522,0.00126973177466,13212, ,-9999
394,656,FLARESCO,40.364819,-105.235793,656,656,1599563,0.0114841256204,-105.235793,40.364819,-105.232223969,40.3757344551,71.8937863731,1599563,0.0591555612475,13562, ,-9999
395,658,BOUBYPCO,40.263595,-105.179989,658,658,1598359,4.7514183188e-05,-105.179989,40.263595,-105.179946861,40.263573047,-27.5182677475,1598359,0.00898179210978,13398, ,-9999
396,659,HOMDITCO,40.423773,-105.210716,659,659,1599398,0.000618437081268,-105.210716,40.423773,-105.210515414,40.424358004,71.0741987598,1599398,0.00665976994173,12670, ,-9999
397,660,LEFCRECO,40.125542,-105.303879,660,660,1599013,0.000198868511939,-105.303879,40.125542,-105.304077695,40.1255503038,177.60689538,1599013,0.0156891511862,2888956, ,-9999
398,661,MIDSTECO,40.131924,-105.517223,661,661,1598999,0.00248480563594,-105.517223,40.131924,-105.517152494,40.1294401949,-88.3740192184,1598999,0.111493791053,2889650, ,-9999
399,662,CLEDERCO,39.82832,-104.95887,662,662,1349513,0.000389130771469,-104.95887,39.82832,-104.958887909,39.8279312816,-92.6379165149,1349513,0.0545894578941,2885882, ,-9999
400,663,GEOLAKCO,39.733043,-105.68917,663,663,1347595,8.2187183696e-05,-105.68917,39.733043,-105.689236944,39.7330906783,144.541091802,1347595,0.00878338064535,2885624, ,-9999
401,664,CLECROCO,39.768501,-105.193678,664,664,1349511,0.000293783944306,-105.193678,39.768501,-105.193671341,39.7682072915,-88.7012421624,1349511,0.0947567882939,2885526, ,-9999
402,669,PLASPLCO,39.409157,-105.169991,669,669,1348909,0.000501370162433,-105.169991,39.409157,-105.169681614,39.408762472,-51.8967146091,1348909,0.0435445149827,190357, ,-9999
403,671,JEFLAKCO,39.342199,-105.773346,671,671,1346923,0.000203314665692,-105.773346,39.342199,-105.773174922,39.34230886,32.7070917315,1346923,0.0186086400767,5239454, ,-9999
404,674,PLACHECO,39.209156,-105.267769,674,674,1348403,5.3692274315e-05,-105.267769,39.209156,-105.267769043,39.2091023077,-90.0463282297,1348403,0.0106467505552,190747, ,-9999
405,676,ARKPUECO,38.271671,-104.718033,676,676,1235429,0.000300001597833,-104.718033,38.271671,-104.717968602,38.2713779918,-77.6044004486,1235429,0.00160501487471,950993, ,-9999
406,677,CRHBLVCO,37.550572,-104.936937,677,677,970529,0.000296101775718,-104.936937,37.550572,-104.936954399,37.5508675901,93.3687396841,970529,0.0604971360114,1425858, ,-9999
407,678,BOBCRKCO,38.183335,-103.798285,678,678,1233816,0.00037466678575,-103.798285,38.183335,-103.798549531,38.1830696726,-134.913866902,1233816,0.055475636195,975526, ,-9999
408,679,HENRESCO,38.25445,-103.721614,679,679,1233764,0.0110335527928,-103.721614,38.25445,-103.715563439,38.2636765922,56.7441732883,1233764,0.0193875073733,976140, ,975120
409,680,HENOUTCO,38.25445,-103.721614,680,680,1233764,0.0110335527928,-103.721614,38.25445,-103.715563439,38.2636765922,56.7441732883,1233764,0.0193875073733,976140, ,975120
410,689,HUEBADCO,37.72723,-105.012497,689,689,969502,3.9912616103e-05,-105.012497,37.72723,-105.012500047,37.7271902038,-94.3779667888,969502,0.0165699427788,1423958, ,-9999
411,693,NCLCONCO,37.888332,-107.203384,693,693,1241468,0.000167996299848,-107.203384,37.888332,-107.203413556,37.888166624,-100.132774473,1241468,0.0491567373847,17906215, ,-9999
412,694,RIOMILCO,37.724724,-107.255608,694,694,965513,0.000299108214531,-107.255608,37.724724,-107.25562926,37.7250223517,94.0759677245,965513,0.030216277253,17906283, ,-9999
413,695,RIOWAGCO,37.766945,-106.831436,695,695,1240440,0.000149465954231,-106.831436,37.766945,-106.831307303,37.7670210068,30.565456496,1240440,0.0206444145315,17906689, ,-9999
414,696,EMPCANCO,37.581946,-106.105864,696,696,968655,5.7001122118e-05,-106.105864,37.581946,-106.105851964,37.5820017159,77.8098184289,968655,0.0123899746635,17894923, ,-9999
415,697,RIOMONCO,37.609447,-106.148918,697,697,968832,3.5811792931e-05,-106.148918,37.609447,-106.148915407,37.6094112822,-85.8485082228,968832,0.0566485909978,17894897, ,-9999
416,698,RIOSFKCO,37.656948,-106.649208,698,698,966629,0.000829242311961,-106.649208,37.656948,-106.648947503,37.6577352636,71.6911654103,966629,0.0446979447844,17906981, ,-9999
417,699,CONPLACO,37.355007,-106.544205,699,699,968068,4.0035736984e-05,-106.544205,37.355007,-106.544177898,37.3549775323,-47.394762577,968068,0.0203192705211,17876153, ,-9999
418,700,LOSORTCO,36.982235,-106.073633,700,700,968973,0.000324617911631,-106.073633,36.982235,-106.073535545,36.981925356,-72.5295960477,968973,0.0471312048343,17877873, ,-9999
419,701,NORLASCO,37.300841,-105.747523,701,701,969014,0.000940583791717,-105.747523,37.300841,-105.747228039,37.2999478619,-71.7240584817,969014,0.0348140050189,17877387, ,-9999
420,702,PLARESCO,37.374721,-106.33476,702,702,967657,1.2132590654e-05,-106.33476,37.374721,-106.334749886,37.3747277015,33.5290020064,967657,0.0609854020964,17898807, ,-9999
421,703,SAGSAGCO,38.163334,-106.290581,703,703,1240064,0.000120938461114,-106.290581,38.163334,-106.290521502,38.1634392903,60.5296970205,1240064,0.0169697887382,17880874, ,-9999
422,718,GRERESCO,39.878317,-106.329748,718,718,1603949,0.00204972943082,-106.329748,39.878317,-106.328593879,39.876623071,-55.7323058591,1603949,0.0126964834884,1313285, ,1311881
423,720,RUERESCO,39.364147,-106.798375,720,720,1344661,0.00118183477267,-106.798375,39.364147,-106.797824009,39.3651925343,62.2109946612,1344661,0.0168878065152,1327499, ,1326659
424,722,RFCMERCO,39.361652,-106.820595,722,722,1344542,0.000401018754837,-106.820595,39.361652,-106.820771713,39.3612920157,-116.145941503,1344542,0.0170322406595,1326889,       09080400,-9999
425,738,GOVDRACO,37.072277,-108.165139,738,738,964415,0.000114943067669,-108.165139,37.072277,-108.165252865,37.0722927055,172.146686702,964415,0.0187799492369,16998830, ,-9999
426,739,LAPLONCO,37.045853,-108.182991,739,739,962816,0.000125470523178,-108.182991,37.045853,-108.182865529,37.045853072,0.032897639122,962816,0.056613202434,16998892, ,-9999
427,740,LITCANCO,37.321915,-108.036834,740,740,965213,0.00360947018002,-108.036834,37.321915,-108.034221688,37.3244058034,43.6360074891,965213,0.0437137314394,17014357, ,-9999
428,741,LONALOCO,37.068279,-108.14825,741,741,964262,4.187247295e-06,-108.14825,37.068279,-108.148246277,37.0682770837,-27.2362303439,964262,0.0379261506233,16998828, ,-9999
429,742,LONRESCO,37.058445,-108.175139,742,742,964262,8.3688401905e-05,-108.175139,37.058445,-108.175134485,37.0583614335,-86.9076691492,964262,0.0379261506233,16998828, ,-9999
430,754,PLAMASCO,40.305813,-104.244949,754,754,1597346,0.000585971653912,-104.244949,40.305813,-104.244987252,40.3063977218,93.7429565417,1597346,0.0753269541117,226669, ,-9999
431,781,PINRESCO,40.367935,-105.286109,781,781,1599521,0.000893847698401,-105.286109,40.367935,-105.286988039,40.3677729661,-169.555858728,1599521,0.00786605700588,13714, ,-9999
432,819,SVCLYOCO,40.21804,-105.259987,819,819,1598983,0.000572245080679,-105.259987,40.21804,-105.260378743,40.2176228649,-133.201997107,1598983,0.0035802188759,2888628, ,-9999
433,833,BOCOROCO,40.006374,-105.330826,833,833,1599038,4.920826116e-06,-105.330826,40.006374,-105.330826389,40.0063789054,94.5316985205,1599038,0.0199804843079,2889410, ,-9999
434,840,BOCMIDCO,39.961655,-105.50444,840,840,1599052,9.093955348e-05,-105.50444,39.961655,-105.504435998,39.9615641485,-87.4777312506,1599052,0.000505957174893,2891214, ,-9999
435,841,BOCBGRCO,39.938598,-105.349161,841,841,1599068,0.000411495742123,-105.349161,39.938598,-105.348887648,39.9389055836,48.3722875955,1599068,0.0320263927351,2891270, ,-9999
436,842,BOCELSCO,39.931099,-105.295822,842,842,1599062,0.000496095370707,-105.295822,39.931099,-105.296044358,39.9306555281,-116.629349863,1599062,0.0212534646475,2891588, ,-9999
437,844,BERDITCO,39.798878,-105.776955,844,844,1347554,0.000922338686753,-105.776955,39.798878,-105.77706688,39.797962472,-96.9671550574,1347554,0.0260430869818,2885074, ,-9999
438,848,PLAWATCO,39.488323,-105.092766,848,848,1348903,4.8904207627e-05,-105.092766,39.488323,-105.092795943,39.488361666,127.753974281,1348903,0.0196131821723,191237, ,-9999
439,849,PLASTRCO,39.434987,-105.123885,849,849,1348906,0.000254415805733,-105.123885,39.434987,-105.124075108,39.434817925,-138.351290356,1348906,0.0228892323457,190309, ,-9999
440,850,PLAKASCO,39.485027,-105.104098,850,850,1348903,0.00028528878969,-105.104098,39.485027,-105.104137364,39.4847444399,-97.9308525308,1348903,0.0196131821723,191237, ,-9999
441,851,BCROUTCO,39.653315,-105.19555,851,851,1348207,0.000439772037532,-105.19555,39.653315,-105.195440043,39.6528891963,-75.5205623543,1348207,0.0656591720438,188173, ,-9999
442,852,HSPTUNCO,39.360267,-106.077807,852,852,1345900,0.00400157861489,-106.077807,39.360267,-106.077562288,39.356272911,-86.4939501989,1345900,0.00995918055785,5239136, ,-9999
443,853,PLAGEOCO,38.90527,-105.473328,853,853,1347931,1.8519702443e-05,-105.473328,38.90527,-105.473319533,38.9052535291,-62.7941940379,1347931,0.0333244713006,5241420, ,-9999
444,872,PLABAICO,39.388318,-105.475282,872,872,1348505,0.00712262656132,-105.475282,39.388318,-105.473582613,39.381401072,-76.1966679431,1348505,0.0279334026752,190443, ,-9999
445,873,CHIAUGCO,38.70773,-104.7157,873,873,1235903,0.00104074504305,-104.7157,38.70773,-104.716734178,38.7076132717,-173.560247819,1235903,0.00303391170294,1530083, ,-9999
446,874,CHIDITCO,38.70773,-104.7157,874,874,1235903,0.00104074504305,-104.7157,38.70773,-104.716734178,38.7076132717,-173.560247819,1235903,0.00303391170294,1530083, ,-9999
447,876,OWHALLCO,38.639077,-104.687946,876,876,1236167,0.00206616052561,-104.687946,38.639077,-104.686132447,38.6380870287,-28.6289707345,1236167,0.00223559174753,1530397, ,-9999
448,880,PUERESCO,38.27083,-104.725542,880,880,1235798,0.00204318581623,-104.725542,38.27083,-104.725591215,38.268787407,-91.3802388952,1235798,0.000785298024769,952685, ,-9999
449,884,ARKSALCO,38.54583,-106.010567,884,884,1239405,0.000294805573378,-106.010567,38.54583,-106.010591324,38.5461238004,94.7328414763,1239405,0.0231238327423,918765, ,-9999
450,885,ARKWELCO,38.502773,-105.939735,885,885,1238501,0.000102127117815,-105.939735,38.502773,-105.939739751,38.5028750165,92.6666404536,1238501,0.0259170517957,920371, ,-9999
451,888,CCBCCRCO,39.021939,-106.242804,888,888,1346052,1.2012669532e-05,-106.242804,39.021939,-106.242803453,39.0219510002,87.392247283,1346052,0.00490516351173,916869, ,-9999
452,897,SOAKTECO,38.522192,-106.011826,897,897,1239876,0.000224839954197,-106.011826,38.522192,-106.01182622,38.5219671602,-90.0561801831,1239876,0.0128708527238,918427, ,-9999
453,900,BOUTUNCO,39.277777,-106.436111,900,900,1344991,0.000955710588066,-106.436111,39.277777,-106.435516399,39.2785252195,51.526260628,1344991,0.0133254291191,916793, ,-9999
454,901,MTELFBCO,39.10222,-106.35333,901,901,1346051,0.0163868764421,-106.35333,39.10222,-106.353173279,39.085833873,-89.4520256019,1346051,0.00322972375204,916669, ,-9999
455,902,TWITUNCO,39.082213,-106.540585,902,902,1344955,0.000585045262998,-106.540585,39.082213,-106.540562635,39.0816283824,-87.8091422157,1344955,0.0420545671889,916695, ,-9999
456,903,ARKCANCO,38.433887,-105.25721,903,903,1237876,0.000129196885165,-105.25721,38.433887,-105.257222201,38.4340156195,95.4189817763,1237876,0.0194746123156,949105, ,-9999
457,904,ARKPORCO,38.388332,-105.016098,904,904,1237221,0.000599356323905,-105.016098,38.388332,-105.015767171,38.38883178,56.4974452653,1237221,0.0230124921125,949993, ,-9999
458,906,PISOUTCO,38.808245,-105.264762,906,906,1348790,0.0016189266013,-105.264762,38.808245,-105.266001937,38.8092859034,139.98718207,1348790,0.012204460974,947077, ,-9999
459,907,PISRESCO,38.806443,-105.264756,907,907,1348790,0.00207556437359,-105.264756,38.806443,-105.26639828,38.807712206,142.302014389,1348790,0.012204460974,947077, ,-9999
460,910,GRAWESCO,38.186111,-105.483612,910,910,1237535,0.000198128960109,-105.483612,38.186111,-105.483444468,38.1860052255,-32.267089016,1237535,0.0138290836686,921911, ,-9999
461,911,ARKNEPCO,38.18417,-104.173294,911,911,1233428,0.000479637007681,-104.173294,38.18417,-104.173257116,38.1846482167,85.5895609204,1233428,0.0268492573796,974916, ,-9999
462,913,BESDITCO,38.2603,-104.725899,913,913,1235817,0.00837070894455,-104.725899,38.2603,-104.726341478,38.268659006,93.0300806974,1235817,0.00888896083044,952543, ,1531545
463,914,CRBRLVCO,37.420013,-105.05278,914,914,969568,0.000273976700045,-105.05278,37.420013,-105.052995508,37.4201821735,141.868086322,969568,0.0315617334904,1427348, ,-9999
464,921,ARKROCCO,38.06445,-103.690789,921,921,1233411,0.004273318538,-103.690789,38.06445,-103.687986569,38.0676760858,49.0198564286,1233411,0.181913350005,976180, ,-9999
465,922,CATCANCO,38.124728,-103.942457,922,922,1233412,0.00147405043017,-103.942457,38.124728,-103.9423154,38.1261952335,84.4875489393,1233412,0.0110193173957,976162, ,-9999
466,924,OTECAFCO,38.138206,-104.034236,924,924,1233500,0.00257757146095,-104.034236,38.138206,-104.033567627,38.140695408,74.9712700235,1233500,0.018778797893,974958, ,-9999
467,926,PURFICCO,37.251873,-104.242409,926,926,971792,0.000378133428321,-104.242409,37.251873,-104.242419441,37.2522509893,91.5822335384,971792,0.0387358677687,938086, ,-9999
468,927,PURTRICO,37.170853,-104.509155,927,927,971075,9.0241735446e-05,-104.509155,37.170853,-104.509078545,37.1708050607,-32.088722189,971075,0.0290414194603,938144, ,-9999
469,934,HUDDITCO,37.869733,-105.444728,934,934,1238384,0.00128027605398,-105.444728,37.869733,-105.445436897,37.868666899,-123.621676033,1238384,0.0394003061153,17889762, ,-9999
470,935,HURREDCO,37.727783,-105.351395,935,935,969554,0.00124184790734,-105.351395,37.727783,-105.352265431,37.7286687401,134.500555299,969554,0.00692813966946,1424876, ,-9999
471,936,MEDDITCO,37.855084,-105.440638,936,936,1238389,0.000536869843676,-105.440638,37.855084,-105.440971272,37.8546630974,-128.372297818,1238389,0.0173223251961,17889776, ,-9999
472,940,DEDMOUCO,37.894851,-105.623727,940,940,1239288,0.000232651361293,-105.623727,37.894851,-105.623649468,37.8946316477,-70.5336098542,1239288,0.105177716257,17889746, ,-9999
473,941,MTNRESCO,37.393064,-105.393626,941,941,970172,0.000431304474185,-105.393626,37.393064,-105.393387189,37.393423156,56.3792102893,970172,0.00699369534229,17900347, ,-9999
474,942,MTNOUTCO,37.393064,-105.393626,942,942,970172,0.000431304474185,-105.393626,37.393064,-105.393387189,37.393423156,56.3792102893,970172,0.00699369534229,17900347, ,-9999
475,944,LELAHICO,38.896091,-107.794783,944,944,1342635,0.000193572610702,-107.794783,38.896091,-107.794964422,38.8960234994,-159.591609238,1342635,0.0269408087942,1337318, ,-9999
476,946,FAIRVWCO,38.490817,-107.769224,946,946,1243095,0.00788297052655,-107.769224,38.490817,-107.77011261,38.482984274,-96.4724395639,1243095,0.184465875249,9769770, ,-9999
477,947,IRNSTNCO,38.566302,-107.973326,947,947,1243699,7.5572282784e-05,-107.973326,38.566302,-107.973269539,38.5663522329,41.6593006827,1243699,0.0284180731986,9768086, ,-9999
478,948,UNCBRGCO,38.377952,-107.810129,948,948,1242938,9.4244358556e-05,-107.810129,38.377952,-107.81019914,38.3778890522,-138.09319073,1242938,0.0297219789775,9769182, ,-9999
479,949,UNCOLACO,38.601371,-107.983402,949,949,1243702,0.00166488406035,-107.983402,38.601371,-107.984893506,38.6006312383,-153.619376659,1243702,0.080798154498,9768064, ,-9999
480,950,UNCUPSCO,38.358051,-107.792355,950,950,1242936,0.000681007081468,-107.792355,38.358051,-107.791769502,38.3583987969,30.7111099115,1242936,0.0511359828007,9769790,       09147500,-9999
481,959,TROUTLVL,37.831386,-107.887016,959,959,1243185,0.000282155494363,-107.887016,37.831386,-107.886754111,37.8312809948,-21.8485002866,1243185,0.00380446045104,18377704, ,-9999
482,960,TROUTDWN,37.831386,-107.887015,960,960,1243185,0.000281227323222,-107.887015,37.831386,-107.886753973,37.8312813402,-21.848500286,1243185,0.00380446045104,18377704, ,-9999
483,975,PTMDTPCO,39.490983,-107.386367,975,975,1343463,0.0100663320178,-107.386367,39.490983,-107.38186081,39.499984405,63.4070123918,1343463,0.0378389764958,3175788, ,-9999
484,978,GRSVALCO,39.676923,-107.698395,978,978,1342073,7.9911613999e-05,-107.698395,39.676923,-107.698315154,39.6769262302,2.31665846101,1342073,0.00537394699869,3175100, ,-9999
485,979,MULTRICO,37.459721,-107.625275,979,979,964919,0.00556630476906,-107.625275,37.459721,-107.62740321,37.454577609,-112.478581012,964919,0.069031744837,17014743, ,-9999
486,980,PTMDGPCO,39.484433,-107.41805,980,980,1343415,0.00520594002148,-107.41805,39.484433,-107.412875477,39.485004072,6.29780492952,1343415,0.0253657866615,3180404, ,-9999
487,981,WSDRAVCO,39.331093,-107.580055,981,981,1341976,0.000109716165098,-107.580055,39.331093,-107.580139892,39.3310234951,-140.691363503,1341976,0.017645098992,3181162, ,-9999
488,982,BIGLKDCO,39.972684,-106.161113,982,982,1602475,0.000445581898788,-106.161113,39.972684,-106.160766279,39.972963871,38.9102494855,1602475,0.0065994086218,1236875, ,-9999
489,985,FRAJIMCO,39.886654,-105.757507,985,985,1600804,0.00484909947614,-105.757507,39.886654,-105.762224124,39.8855303847,-166.60186215,1600804,0.0547379048208,1239657,       09024000,-9999
490,986,GRARESCO,40.181925,-105.871121,986,986,1601941,0.007246240311,-105.871121,40.181925,-105.877622813,40.178725871,-153.801132454,1601941,0.0379747282903,1234575, ,1233515
491,987,SHARESCO,40.207209,-105.84141,987,987,1601574,0.000249999750546,-105.84141,40.207209,-105.84145417,40.2069629332,-100.176509942,1601574,0.00469102416447,1234501,       09015000,-9999
492,988,WILCANCO,40.147479,-105.933915,988,988,1601883,0.00221408696053,-105.933915,40.147479,-105.936127564,40.1473968964,-177.87485044,1601883,0.00489122897982,1234175, ,-9999
493,989,WILRESCO,40.146932,-105.942513,989,989,1601592,7.0335599917e-05,-105.942513,40.146932,-105.942560914,40.1468805085,-132.938652902,1601592,0.00578642494448,1234173, ,-9999
494,990,BULLCRCO,39.136091,-108.047846,990,990,1340921,0.000190413429755,-108.047846,39.136091,-108.047682808,39.136189111,31.0143434251,1340921,0.0382700810448,3178454, ,-9999
495,993,ORCHIDCO,39.116642,-108.320092,993,993,1340216,0.000565576488862,-108.320092,39.116642,-108.32064011,39.1167814719,165.723518567,1340216,0.00626442468398,3179658, ,-9999
496,994,SOCAMECO,39.101082,-108.144836,994,994,1340898,0.00263817810144,-108.144836,39.101082,-108.145871748,39.0986556425,-113.116348603,1340898,0.0737432548771,3178898, ,-9999
497,997,TLMTCKCO,40.918333,-108.78694,997,997,1707368,0.00013415347781,-108.78694,40.918333,-108.786925351,40.9181996487,-83.7310716272,1707368,0.030613707021,3415658, ,-9999
498,999,RIOMOUCO,37.12778,-107.034764,999,999,966854,0.000541614278666,-107.034764,37.12778,-107.034847344,37.1272448367,-98.8519073151,966854,0.0540147825583,17034497, ,-9999
499,1001,ELACASCO,37.62166,-107.8123,1001,1001,965433,0.0066355419987,-107.8123,37.62166,-107.808467876,37.616242875,-54.7240608565,965433,0.0100424110037,24652719, ,-9999
500,1002,ELBCASCO,39.741648,-105.433892,1002,1002,1348737,0.00191836544589,-105.433892,39.741648,-105.432083613,39.742288205,19.4949767064,1348737,0.0235967967822,2885190, ,-9999
501,1004,CASCANCO,37.621661,-107.812294,1004,1004,965433,0.00663289555011,-107.812294,37.621661,-107.808467876,37.616242875,-54.7713614706,965433,0.0100424110037,24652719, ,-9999
502,1005,CASRESCO,39.741648,-105.433892,1005,1005,1348737,0.00191836544589,-105.433892,39.741648,-105.432083613,39.742288205,19.4949767064,1348737,0.0235967967822,2885190, ,-9999
503,1006,FLOALECO,37.426666,-107.674444,1006,1006,965473,0.000350498867535,-107.674444,37.426666,-107.674707489,37.4264348658,-138.742559464,965473,0.00203125550539,17015265, ,17014523
504,1007,FLOBONCO,37.056667,-107.869789,1007,1007,964943,0.000242074709774,-107.869789,37.056667,-107.869916304,37.0568728979,121.727891894,964943,0.0503422812396,17015259, ,-9999
505,1009,SALTOXCO,37.139725,-107.753395,1009,1009,964956,0.00018148584237,-107.753395,37.139725,-107.753379317,37.1399058069,85.0426200859,964956,0.159452495031,17015255, ,-9999
506,1011,RF2ATOCO,37.384989,-108.522315,1011,1011,962453,0.00106302703308,-108.522315,37.384989,-108.521351454,37.3845399955,-24.9851260832,962453,0.0215206605955,3262981, ,-9999
507,1013,CHEREDCO,37.117498,-108.198685,1013,1013,962825,0.000457046607963,-108.198685,37.117498,-108.198227954,37.1174984053,0.05081342496,962825,0.0069724637831,16998772, ,-9999
508,1014,ENTDITCO,37.013885,-108.188973,1014,1014,962816,0.000278038703023,-108.188973,37.013885,-108.188775004,37.0140802004,44.5926676057,962816,0.056613202434,16998892, ,-9999
509,1015,HAYREDCO,37.176662,-108.137028,1015,1015,964285,0.00017579182045,-108.137028,37.176662,-108.136870749,37.1765834203,-26.5516271662,964285,0.0149682681368,16998722, ,-9999
510,1016,LPCDITCO,37.323889,-108.06202,1016,1016,964444,0.000676957401251,-108.06202,37.323889,-108.061356476,37.323754809,-11.4332776593,964444,0.0304672701693,16998656, ,-9999
511,1017,VOSDITCO,37.13917,-108.16222,1017,1017,962824,0.000218096755099,-108.16222,37.13917,-108.162378466,37.1393198487,136.601019756,962824,0.0512122539975,16998770, ,-9999
512,1018,JACCANCO,37.408328,-108.257589,1018,1018,963358,0.00412623145446,-108.257589,37.408328,-108.261570676,37.409410609,164.789124937,963358,0.0167770635078,16963977, ,-9999
513,1019,GROBGRCO,37.789779,-108.290556,1019,1019,1243878,3.8484002964e-05,-108.290556,37.789779,-108.29053729,37.7898126297,60.9104843489,1243878,0.0219316499562,18383667, ,-9999
514,1022,NAVBANCO,37.085289,-106.689476,1022,1022,966829,8.0981011771e-05,-106.689476,37.085289,-106.689556981,37.0852889357,-179.954491049,966829,0.0177550138892,17036347, ,-9999
